[dotenv@17.2.3] injecting env (15) from .env -- tip: 🔐 encrypt with Dotenvx: https://dotenvx.com
DB Config - Connection String exists: true
DB Config - Using Non-Pooling: true
(node:15195) Warning: SECURITY WARNING: The SSL modes 'prefer', 'require', and 'verify-ca' are treated as aliases for 'verify-full'.
In the next major version (pg-connection-string v3.0.0 and pg v9.0.0), these modes will adopt standard libpq semantics, which have weaker security guarantees.

To prepare for this change:
- If you want the current behavior, explicitly use 'sslmode=verify-full'
- If you want libpq compatibility now, use 'uselibpqcompat=true&sslmode=require'

See https://www.postgresql.org/docs/current/libpq-ssl.html for libpq SSL mode definitions.
(Use `node --trace-warnings ...` to show where the warning was created)
(node:15195) Warning: Setting the NODE_TLS_REJECT_UNAUTHORIZED environment variable to '0' makes TLS connections and HTTPS requests insecure by disabling certificate verification.
Resuming backfill from last DB date: 2026-02-11
Global backfill target range: 2026-02-11 to 2026-02-16...

=== Processing Date: 2026-02-11 ===
  [Agmark] Starting (Attempt 1)...
Starting fetch for 2026-02-11...
Processing Group: Beverages (4 items)
  Fetching Cocoa...
    Saved 1 records for Cocoa
  Fetching Coffee...
    Saved 4 records for Coffee
  Fetching Green Tea...
  Fetching Tea...
Processing Group: Cereals (26 items)
  Fetching Bajra(Pearl Millet/Cumbu)...
    Saved 100 records for Bajra(Pearl Millet/Cumbu)
  Fetching Barley(Jau)...
    Saved 17 records for Barley(Jau)
  Fetching Barnyard Millet...
  Fetching Beaten Rice...
    Saved 1 records for Beaten Rice
  Fetching Browntop Millet...
  Fetching Chakhao(Black Rice)...
  Fetching Foxtail Millet(Navane)...
    Saved 1 records for Foxtail Millet(Navane)
  Fetching Hybrid Cumbu...
  Fetching Jaee...
  Fetching Jowar(Sorghum)...
    Saved 59 records for Jowar(Sorghum)
  Fetching Kodo Millet(Varagu)...
    Saved 5 records for Kodo Millet(Varagu)
  Fetching Kutki...
    Saved 2 records for Kutki
  Fetching Little Millet ...
  Fetching Maize...
    Saved 100 records for Maize
  Fetching Paddy(Basmati)...
    Saved 10 records for Paddy(Basmati)
  Fetching Paddy(Common)...
    Saved 100 records for Paddy(Common)
  Fetching Proso Millet...
  Fetching Ragi(Finger Millet)...
    Saved 7 records for Ragi(Finger Millet)
  Fetching Rala...
  Fetching Rice...
    Saved 100 records for Rice
  Fetching Sajje...
  Fetching Same/Savi...
  Fetching Soji...
  Fetching Sweet Corn ...
    Saved 1 records for Sweet Corn 
  Fetching T.V. Cumbu...
  Fetching Wheat...
    Saved 100 records for Wheat
Processing Group: Drug and Narcotics (37 items)
  Fetching Arecanut(Betelnut/Supari)...
    Saved 54 records for Arecanut(Betelnut/Supari)
  Fetching Asalia...
    Saved 4 records for Asalia
  Fetching Ashoka...
  Fetching Ashwagandha...
    Saved 1 records for Ashwagandha
  Fetching Asparagus...
    Saved 1 records for Asparagus
  Fetching Atis...
  Fetching Betal Leaves...
    Saved 20 records for Betal Leaves
  Fetching Chandrashoor...
  Fetching Coleus...
  Fetching Isabgul(Psyllium)...
    Saved 10 records for Isabgul(Psyllium)
  Fetching Isbgol...
  Fetching Lemongrass...
  Fetching Mahua...
    Saved 2 records for Mahua
  Fetching Mentha Oil...
  Fetching Muesli...
  Fetching Muleti...
  Fetching Myrobolan(Harad)...
  Fetching Neem Fruits...
  Fetching Palash flowers...
  Fetching Poppy capsules...
  Fetching Pupadia...
  Fetching Swan Plant (Green Herb)...
  Fetching Tobacco...
  Fetching Vatsanabha...
  Fetching White Muesli...
  Fetching basil...
    Saved 2 records for basil
  Fetching dhawai flowers...
  Fetching karanja seeds...
  Fetching kutki...
  Fetching liquor turmeric...
  Fetching macoy...
  Fetching nigella seeds...
    Saved 1 records for nigella seeds
  Fetching pippali...
  Fetching sanay...
  Fetching stevia...
  Fetching stone pulverizer...
  Fetching vadang...
Processing Group: Dry Fruits (8 items)
  Fetching Almond(Badam)...
    Saved 1 records for Almond(Badam)
  Fetching Cashewnuts...
    Saved 5 records for Cashewnuts
  Fetching Dates...
  Fetching Dry Grapes...
    Saved 1 records for Dry Grapes
  Fetching Fig (Dry)...
  Fetching Pine Nut(Chilgoza /Niyoza)...
  Fetching Pista(Pistachio)...
  Fetching Walnut...
Processing Group: Fibre Crops (5 items)
  Fetching Ambady/Mesta...
  Fetching Cotton...
    Saved 100 records for Cotton
  Fetching Jute...
    Saved 13 records for Jute
  Fetching Lint...
  Fetching Sunhemp...
Processing Group: Flowers (58 items)
  Fetching Anthorium...
  Fetching Astera...
    Saved 1 records for Astera
  Fetching BOP...
    Saved 1 records for BOP
  Fetching Calendula...
  Fetching Carnation...
    Saved 2 records for Carnation
  Fetching Chrysanthemum...
    Saved 1 records for Chrysanthemum
  Fetching Chrysanthemum(Loose)...
    Saved 2 records for Chrysanthemum(Loose)
  Fetching Clarkia...
  Fetching Cossandra...
  Fetching Daila(Chandni)...
  Fetching Delha...
    Saved 1 records for Delha
  Fetching Gamphrena...
  Fetching Gerbera...
  Fetching Gladiolus Bulb...
  Fetching Gladiolus Cut Flower...
    Saved 1 records for Gladiolus Cut Flower
  Fetching Glardia...
  Fetching Heliconia species...
  Fetching Irish...
  Fetching Jaffri...
    Saved 1 records for Jaffri
  Fetching Jarbara...
    Saved 1 records for Jarbara
  Fetching Jasmine...
    Saved 5 records for Jasmine
  Fetching Kagda...
  Fetching Kakada...
    Saved 4 records for Kakada
  Fetching Kankambra...
    Saved 1 records for Kankambra
  Fetching Kevda...
  Fetching Lilly...
    Saved 2 records for Lilly
  Fetching Limonia(status)...
  Fetching Lotus...
  Fetching Lupine...
  Fetching Marget...
    Saved 1 records for Marget
  Fetching Marigold(Calcutta)...
    Saved 29 records for Marigold(Calcutta)
  Fetching Marigold(loose)...
    Saved 2 records for Marigold(loose)
  Fetching Marikozhunthu...
  Fetching Nerium...
  Fetching Orchid...
    Saved 1 records for Orchid
  Fetching Patti Calcutta...
    Saved 1 records for Patti Calcutta
  Fetching Pincushion Flower...
  Fetching Raibel...
  Fetching Rose(Local)...
    Saved 26 records for Rose(Local)
  Fetching Rose(Loose))...
    Saved 5 records for Rose(Loose))
  Fetching Rose(Tata)...
  Fetching Swanflower...
  Fetching Sweet Sultan...
  Fetching Tube Flower...
    Saved 3 records for Tube Flower
  Fetching Tube Rose(Double)...
    Saved 1 records for Tube Rose(Double)
  Fetching Tube Rose(Loose)...
    Saved 9 records for Tube Rose(Loose)
  Fetching Tube Rose(Single)...
    Saved 1 records for Tube Rose(Single)
  Fetching balsam...
  Fetching cineraria...
  Fetching dianthus...
  Fetching golden rod...
  Fetching gypsophila...
  Fetching hydrangea...
  Fetching kakatan...
  Fetching salvia...
  Fetching sevanti...
  Fetching sweet william...
  Fetching tulip...
    Saved 1 records for tulip
Processing Group: Forest Products (39 items)
  Fetching Absinthe...
    Saved 1 records for Absinthe
  Fetching Ambada Seed...
  Fetching Antawala...
  Fetching Bamboo...
  Fetching Bay leaf(Tejpatta)...
  Fetching Behada...
    Saved 1 records for Behada
  Fetching Bhui Amlaya...
  Fetching Brahmi...
  Fetching Broomstick(Flower Broom)...
  Fetching Cane...
  Fetching Chironji...
  Fetching Firewood...
    Saved 3 records for Firewood
  Fetching Flower Broom...
  Fetching Giloy...
    Saved 1 records for Giloy
  Fetching Gond...
  Fetching Gudmar...
    Saved 1 records for Gudmar
  Fetching Guggal...
  Fetching Harrah...
  Fetching Hippe Seed...
  Fetching Jute Seed...
  Fetching Kalihari...
  Fetching Kalmegh...
  Fetching Kooth...
  Fetching Mahua Seed(Hippe seed)...
  Fetching Neem Seed...
    Saved 1 records for Neem Seed
  Fetching Pundi Seed...
  Fetching Ratanjot...
  Fetching Resinwood...
  Fetching Salix-Pursi(Willow)...
  Fetching Sandalwood...
  Fetching Soapnut(Antawala/Retha)...
  Fetching Tamarind Fruit...
    Saved 25 records for Tamarind Fruit
  Fetching Tamarind Seed...
  Fetching Torchwood...
  Fetching Wax...
  Fetching Wood...
    Saved 9 records for Wood
  Fetching gulli...
    Saved 1 records for gulli
  Fetching kokum...
  Fetching spikenard...
Processing Group: Fruits (64 items)
  Fetching Amla(Nelli Kai)...
    Saved 91 records for Amla(Nelli Kai)
  Fetching Apple...
    Saved 100 records for Apple
  Fetching Apricot(Jardalu/Khumani)...
  Fetching Avocado...
  Fetching Bael...
  Fetching Banana...
    Saved 100 records for Banana
  Fetching Ber(Zizyphus/Borehannu)...
    Saved 26 records for Ber(Zizyphus/Borehannu)
  Fetching Bilimbi...
  Fetching Black Currant...
  Fetching Blueberry...
  Fetching Borehannu...
  Fetching Bread Fruit...
  Fetching Carissa(Karvand)...
  Fetching Chakotha...
  Fetching Cherry...
  Fetching Chikoos(Sapota)...
    Saved 100 records for Chikoos(Sapota)
  Fetching Custard Apple(Sharifa)...
    Saved 11 records for Custard Apple(Sharifa)
  Fetching Dragon fruit...
  Fetching Garcinia...
  Fetching Goose berry(Nellikkai)...
  Fetching Grapes...
    Saved 100 records for Grapes
  Fetching Grey Fruit...
  Fetching Guava...
    Saved 100 records for Guava
  Fetching Hog Plum...
  Fetching Indian Sherbet Berry(Phalsa)...
  Fetching Jack Fruit...
    Saved 10 records for Jack Fruit
  Fetching Jamun(Narale Hannu)...
    Saved 1 records for Jamun(Narale Hannu)
  Fetching Karbuja(Musk Melon)...
    Saved 29 records for Karbuja(Musk Melon)
  Fetching Khirni...
  Fetching Kinnow...
    Saved 93 records for Kinnow
  Fetching Kiwi Fruit...
    Saved 1 records for Kiwi Fruit
  Fetching Lime...
    Saved 78 records for Lime
  Fetching Litchi...
  Fetching Lukad...
  Fetching Mango...
    Saved 9 records for Mango
  Fetching Mangosteen...
  Fetching Marasebu...
  Fetching Mousambi(Sweet Lime)...
    Saved 93 records for Mousambi(Sweet Lime)
  Fetching Mulberry...
  Fetching Nearle Hannu...
  Fetching Nelli Kai...
  Fetching Orange...
    Saved 87 records for Orange
  Fetching Papaya...
    Saved 100 records for Papaya
  Fetching Passion Fruit...
  Fetching Peach...
  Fetching Pear(Marasebu)...
    Saved 3 records for Pear(Marasebu)
  Fetching Persimon(Japani Fal)...
  Fetching Pineapple...
    Saved 72 records for Pineapple
  Fetching Plum...
  Fetching Pomegranate...
    Saved 100 records for Pomegranate
  Fetching Quince(Nakh)...
  Fetching Rambutan...
  Fetching Ramphal...
  Fetching Seetapal...
    Saved 2 records for Seetapal
  Fetching Siddota...
  Fetching Soursop...
  Fetching Star Fruit(Kamraikh)...
  Fetching Strawberry...
    Saved 1 records for Strawberry
  Fetching Tender Coconut...
    Saved 82 records for Tender Coconut
  Fetching Water Apple...
  Fetching Water Melon...
    Saved 65 records for Water Melon
  Fetching Wild Melon...
  Fetching Wild lemon...
  Fetching Wood Apple...
Processing Group: Live Stock,Poultry,Fisheries (21 items)
  Fetching Bull...
  Fetching Calf...
  Fetching Cock...
    Saved 2 records for Cock
  Fetching Cow...
    Saved 2 records for Cow
  Fetching Crab...
  Fetching Dry Fish...
  Fetching Duck...
  Fetching Egg...
    Saved 1 records for Egg
  Fetching Fish...
    Saved 20 records for Fish
  Fetching Goat...
    Saved 2 records for Goat
  Fetching He Buffalo...
  Fetching Hen...
    Saved 1 records for Hen
  Fetching Ox...
  Fetching Pigs...
  Fetching Prawn...
  Fetching Ram...
  Fetching She Buffalo...
    Saved 2 records for She Buffalo
  Fetching She Goat...
  Fetching Sheep...
  Fetching Shrimp...
  Fetching Silk Cocoon...
Processing Group: Oil Seeds (24 items)
  Fetching Castor Seed...
    Saved 47 records for Castor Seed
  Fetching Coconut Seed...
    Saved 8 records for Coconut Seed
  Fetching Copra...
    Saved 10 records for Copra
  Fetching Cotton Seed...
  Fetching Ground Nut Seed...
    Saved 11 records for Ground Nut Seed
  Fetching Groundnut...
    Saved 100 records for Groundnut
  Fetching Groundnut(Split)...
    Saved 3 records for Groundnut(Split)
  Fetching Gurellu...
  Fetching Honge seed...
  Fetching Kuchur - Kusum Seed...
  Fetching Laha...
  Fetching Linseed...
    Saved 9 records for Linseed
  Fetching Mustard...
    Saved 100 records for Mustard
  Fetching Niger Seed(Ramtil)...
  Fetching Safflower...
    Saved 3 records for Safflower
  Fetching Sal Seeds...
  Fetching Sesamum(Sesame,Gingelly,Til)...
    Saved 44 records for Sesamum(Sesame,Gingelly,Til)
  Fetching Soha...
  Fetching Soyabean...
    Saved 100 records for Soyabean
  Fetching Sunflower...
    Saved 6 records for Sunflower
  Fetching Sunflower Seed...
    Saved 2 records for Sunflower Seed
  Fetching Suva(Dill Seed)...
    Saved 3 records for Suva(Dill Seed)
  Fetching Taramira...
    Saved 4 records for Taramira
  Fetching Toria...
Processing Group: Oils and Fats (8 items)
  Fetching Butter...
  Fetching Castor Oil...
  Fetching Coconut Oil...
    Saved 7 records for Coconut Oil
  Fetching Dalda...
  Fetching Ghee...
    Saved 1 records for Ghee
  Fetching Gingelly Oil...
  Fetching Ground Nut Oil...
  Fetching Mustard Oil...
    Saved 8 records for Mustard Oil
Processing Group: Pulses (38 items)
  Fetching Alasande Gram...
    Saved 2 records for Alasande Gram
  Fetching Arhar Dal(Tur Dal)...
    Saved 13 records for Arhar Dal(Tur Dal)
  Fetching Arhar(Tur/Red Gram)(Whole)...
    Saved 100 records for Arhar(Tur/Red Gram)(Whole)
  Fetching Avare Dal...
    Saved 1 records for Avare Dal
  Fetching Beans...
    Saved 100 records for Beans
  Fetching Bengal Gram Dal(Chana Dal)...
    Saved 6 records for Bengal Gram Dal(Chana Dal)
  Fetching Bengal Gram(Gram)(Whole)...
    Saved 100 records for Bengal Gram(Gram)(Whole)
  Fetching Big Gram...
    Saved 1 records for Big Gram
  Fetching Black Gram Dal(Urd Dal)...
    Saved 7 records for Black Gram Dal(Urd Dal)
  Fetching Black Gram(Urd Beans)(Whole)...
    Saved 79 records for Black Gram(Urd Beans)(Whole)
  Fetching Bullar...
  Fetching Chennangi Dal...
  Fetching Chennangi(Whole)...
  Fetching Cowpea(Lobia/Karamani)...
    Saved 6 records for Cowpea(Lobia/Karamani)
  Fetching Dal(Avare)...
  Fetching Field Gram...
  Fetching Green Gram Dal(Moong Dal)...
    Saved 10 records for Green Gram Dal(Moong Dal)
  Fetching Green Gram(Moong)(Whole)...
    Saved 64 records for Green Gram(Moong)(Whole)
  Fetching Green Peas...
    Saved 100 records for Green Peas
  Fetching Guar Seed(Cluster Beans Seed)...
    Saved 32 records for Guar Seed(Cluster Beans Seed)
  Fetching Kabuli Chana(Chickpeas-White)...
    Saved 27 records for Kabuli Chana(Chickpeas-White)
  Fetching Karamani...
  Fetching Kidney Beans(Rajma)...
  Fetching Kulthi(Horse Gram)...
    Saved 6 records for Kulthi(Horse Gram)
  Fetching Lak(Teora)...
    Saved 12 records for Lak(Teora)
  Fetching Lentil(Masur)(Whole)...
    Saved 74 records for Lentil(Masur)(Whole)
  Fetching Masur Dal...
    Saved 13 records for Masur Dal
  Fetching Mataki...
    Saved 5 records for Mataki
  Fetching Moath Dal...
    Saved 7 records for Moath Dal
  Fetching Other Pulses...
    Saved 1 records for Other Pulses
  Fetching Peas(Dry)...
    Saved 5 records for Peas(Dry)
  Fetching Red Gram...
    Saved 3 records for Red Gram
  Fetching Rice Bean...
  Fetching Tevada...
  Fetching Thinai(Italian Millet)...
  Fetching White Peas...
    Saved 4 records for White Peas
  Fetching Wild Bean / Pod...
  Fetching buttery...
    Saved 16 records for buttery
Processing Group: Spices (31 items)
  Fetching Ajwan...
    Saved 7 records for Ajwan
  Fetching Asgand...
    Saved 2 records for Asgand
  Fetching Betelnuts...
  Fetching Black pepper...
    Saved 21 records for Black pepper
  Fetching Cardamoms...
    Saved 3 records for Cardamoms
  Fetching Chili Red...
    Saved 18 records for Chili Red
  Fetching Cinamon(Dalchini)...
    Saved 1 records for Cinamon(Dalchini)
  Fetching Cloves...
  Fetching Coca...
  Fetching Coconut...
    Saved 100 records for Coconut
  Fetching Corriander seed...
    Saved 34 records for Corriander seed
  Fetching Cummin Seed(Jeera)...
    Saved 35 records for Cummin Seed(Jeera)
  Fetching Dry Chillies...
    Saved 18 records for Dry Chillies
  Fetching Ginger Seed...
  Fetching Ginger(Dry)...
    Saved 12 records for Ginger(Dry)
  Fetching Kacholam...
  Fetching Large Cardamom...
  Fetching Mace...
  Fetching Methi Seeds...
    Saved 22 records for Methi Seeds
  Fetching Muskmelon Seeds...
  Fetching Nutmeg...
  Fetching Pepper garbled...
    Saved 1 records for Pepper garbled
  Fetching Pepper ungarbled...
    Saved 1 records for Pepper ungarbled
  Fetching Rayee...
    Saved 2 records for Rayee
  Fetching Saffron...
  Fetching Soanf...
    Saved 9 records for Soanf
  Fetching Turmeric...
    Saved 8 records for Turmeric
  Fetching dried mango...
  Fetching mango powder...
  Fetching nigella...
    Saved 1 records for nigella
  Fetching poppy seeds...
    Saved 3 records for poppy seeds
Processing Group: Vegetables (128 items)
  Fetching Aloe Vera...
  Fetching Alsandikai...
    Saved 3 records for Alsandikai
  Fetching Amaranthus...
    Saved 100 records for Amaranthus
  Fetching Ambat Chuka...
  Fetching Amranthas Red...
    Saved 2 records for Amranthas Red
  Fetching Arrowroot...
  Fetching Ashgourd...
    Saved 100 records for Ashgourd
  Fetching Baby Corn...
  Fetching Bajji chilli...
  Fetching Balekai...
  Fetching Bamboo Shoot...
  Fetching Banana - Green...
    Saved 100 records for Banana - Green
  Fetching Banana Leaf...
  Fetching Banana flower...
  Fetching Banana stem...
  Fetching Beetroot...
    Saved 100 records for Beetroot
  Fetching Bhindi(Ladies Finger)...
    Saved 100 records for Bhindi(Ladies Finger)
  Fetching Binoula...
  Fetching Bitter gourd...
    Saved 100 records for Bitter gourd
  Fetching Bottle gourd...
    Saved 100 records for Bottle gourd
  Fetching Brinjal...
    Saved 100 records for Brinjal
  Fetching Brocoli...
  Fetching Cabbage...
    Saved 100 records for Cabbage
  Fetching Capsicum...
    Saved 100 records for Capsicum
  Fetching Carrot...
    Saved 100 records for Carrot
  Fetching Cauliflower...
    Saved 100 records for Cauliflower
  Fetching Chapparad Avare...
    Saved 3 records for Chapparad Avare
  Fetching Chhappan Kaddu...
  Fetching Chilly Capsicum...
    Saved 27 records for Chilly Capsicum
  Fetching Chow Chow...
    Saved 100 records for Chow Chow
  Fetching Cluster beans...
    Saved 100 records for Cluster beans
  Fetching Colacasia...
    Saved 100 records for Colacasia
  Fetching Coriander(Leaves)...
    Saved 100 records for Coriander(Leaves)
  Fetching Cowpea(Veg)...
    Saved 100 records for Cowpea(Veg)
  Fetching Cucumbar(Kheera)...
    Saved 100 records for Cucumbar(Kheera)
  Fetching Curry Leaf...
  Fetching Double Beans...
  Fetching Drumstick...
    Saved 100 records for Drumstick
  Fetching Duster Beans...
    Saved 2 records for Duster Beans
  Fetching Elephant Yam(Suran)/Amorphophallus...
    Saved 100 records for Elephant Yam(Suran)/Amorphophallus
  Fetching Field Bean(Anumulu)...
  Fetching Field Pea...
    Saved 22 records for Field Pea
  Fetching French Beans(Frasbean)...
    Saved 65 records for French Beans(Frasbean)
  Fetching Galgal(Lemon)...
    Saved 1 records for Galgal(Lemon)
  Fetching Garlic...
    Saved 100 records for Garlic
  Fetching Gherkin...
  Fetching Ghost Pepper(King Chilli)...
  Fetching Ginger(Green)...
    Saved 100 records for Ginger(Green)
  Fetching Goosefoot...
  Fetching Gram Raw(Chholia)...
    Saved 3 records for Gram Raw(Chholia)
  Fetching Green Avare(W)...
    Saved 100 records for Green Avare(W)
  Fetching Green Chilli...
    Saved 100 records for Green Chilli
  Fetching Groundnut pods(raw)...
    Saved 1 records for Groundnut pods(raw)
  Fetching Guar...
    Saved 49 records for Guar
  Fetching Indian Beans(Seam)...
    Saved 92 records for Indian Beans(Seam)
  Fetching Indian Colza(Sarson)...
    Saved 7 records for Indian Colza(Sarson)
  Fetching Jackfruit Seed...
  Fetching Jamamkhan...
  Fetching Kartali(Kantola)...
  Fetching Knool Khol...
    Saved 100 records for Knool Khol
  Fetching Ladies Finger...
    Saved 11 records for Ladies Finger
  Fetching Leafy Vegetable...
    Saved 9 records for Leafy Vegetable
  Fetching Leek...
  Fetching Lemon...
    Saved 100 records for Lemon
  Fetching Lesser Yam...
  Fetching Little gourd(Kundru)...
    Saved 32 records for Little gourd(Kundru)
  Fetching Long Melon(Kakri)...
    Saved 8 records for Long Melon(Kakri)
  Fetching Lotus Sticks...
    Saved 1 records for Lotus Sticks
  Fetching Mango(Raw-Ripe)...
    Saved 100 records for Mango(Raw-Ripe)
  Fetching Mashrooms...
    Saved 55 records for Mashrooms
  Fetching Meal Maker (Soya Chunks)...
  Fetching Methi(Leaves)...
    Saved 71 records for Methi(Leaves)
  Fetching Mint(Pudina)...
    Saved 100 records for Mint(Pudina)
  Fetching Onion...
    Saved 100 records for Onion
  Fetching Onion Green...
    Saved 100 records for Onion Green
  Fetching Other green and fresh vegetables...
    Saved 2 records for Other green and fresh vegetables
  Fetching Papaya(Raw)...
    Saved 18 records for Papaya(Raw)
  Fetching Peas Wet...
    Saved 100 records for Peas Wet
  Fetching Peas cod...
    Saved 36 records for Peas cod
  Fetching Pegeon Pea(Arhar Fali)...
    Saved 5 records for Pegeon Pea(Arhar Fali)
  Fetching Perandai...
  Fetching Phuee(Leafy Veg)...
  Fetching Pointed gourd(Parval)...
    Saved 7 records for Pointed gourd(Parval)
  Fetching Pokcha Leafy Veg...
  Fetching Potato...
    Saved 100 records for Potato
  Fetching Pumpkin...
    Saved 100 records for Pumpkin
  Fetching Purslane...
  Fetching Raddish...
    Saved 100 records for Raddish
  Fetching Rat Tail Radish(Mogari)...
    Saved 1 records for Rat Tail Radish(Mogari)
  Fetching Red Cabbage...
  Fetching Red Gourd...
  Fetching Ribbed Celery...
  Fetching Ridge Gourd(Permal/Hybrid Gourd)...
  Fetching Ridgeguard(Tori)...
    Saved 100 records for Ridgeguard(Tori)
  Fetching Round Chilli...
  Fetching Round gourd...
    Saved 1 records for Round gourd
  Fetching Season Leaves...
    Saved 3 records for Season Leaves
  Fetching Seemebadnekai...
    Saved 5 records for Seemebadnekai
  Fetching Sem...
    Saved 1 records for Sem
  Fetching Siru Kizhagu...
  Fetching Snakeguard...
    Saved 100 records for Snakeguard
  Fetching Snow Mountain Garlic...
    Saved 1 records for Snow Mountain Garlic
  Fetching Spinach...
    Saved 100 records for Spinach
  Fetching Sponge gourd...
    Saved 14 records for Sponge gourd
  Fetching Squash(Chappal Kadoo)...
    Saved 16 records for Squash(Chappal Kadoo)
  Fetching Sugar Snap Peas...
  Fetching Sundaikai...
  Fetching Surat Beans(Papadi)...
    Saved 5 records for Surat Beans(Papadi)
  Fetching Suvarna Gadde...
    Saved 3 records for Suvarna Gadde
  Fetching Swan Phali(Flat Bean)...
  Fetching Sweet Potato...
    Saved 100 records for Sweet Potato
  Fetching Sweet Pumpkin...
    Saved 36 records for Sweet Pumpkin
  Fetching Sweet Saag...
    Saved 1 records for Sweet Saag
  Fetching Tapioca...
    Saved 100 records for Tapioca
  Fetching Taro (Arvi) Leaves...
  Fetching Taro (Arvi) Stem...
    Saved 1 records for Taro (Arvi) Stem
  Fetching Thogrikai...
  Fetching Thondekai...
    Saved 98 records for Thondekai
  Fetching Tinda...
    Saved 14 records for Tinda
  Fetching Tomato...
    Saved 100 records for Tomato
  Fetching Turmeric(raw)...
    Saved 6 records for Turmeric(raw)
  Fetching Turnip...
    Saved 45 records for Turnip
  Fetching White Pumpkin...
    Saved 1 records for White Pumpkin
  Fetching Wild Cucumber...
  Fetching Wild Garlic / Shoots...
  Fetching Wild Spinach...
  Fetching Yam Bean / Mexican Turnip(Bankla)...
  Fetching Yam(Ratalu)...
    Saved 100 records for Yam(Ratalu)
Processing Group: Others (52 items)
  Fetching Ajwain Husk...
  Fetching Bran...
  Fetching Broken Rice...
  Fetching Bunch Beans...
    Saved 3 records for Bunch Beans
  Fetching Camel Hair...
  Fetching Cashew Kernnel...
  Fetching Coconut Coir...
  Fetching Dhaincha...
    Saved 5 records for Dhaincha
  Fetching Dry Fodder...
    Saved 1 records for Dry Fodder
  Fetching Egypian Clover(Barseem)...
  Fetching Fig(Anjura/Anjeer)...
    Saved 3 records for Fig(Anjura/Anjeer)
  Fetching Flax seeds...
  Fetching Goat Hair...
  Fetching Gramflour...
  Fetching Green Fodder...
    Saved 1 records for Green Fodder
  Fetching Gur(Jaggery)...
    Saved 30 records for Gur(Jaggery)
  Fetching Haralekai...
  Fetching Hilsa...
  Fetching Honey...
  Fetching Jaggery...
    Saved 9 records for Jaggery
  Fetching Javi...
  Fetching Kharif Mash...
  Fetching Khoya...
  Fetching Kuchur...
  Fetching Ma.Inji...
  Fetching Mahedi...
    Saved 1 records for Mahedi
  Fetching Maida Atta...
    Saved 1 records for Maida Atta
  Fetching Maragensu...
  Fetching Mash...
  Fetching Millets...
    Saved 1 records for Millets
  Fetching Nargasi...
  Fetching Polherb...
  Fetching Pundi...
  Fetching Rajgir...
    Saved 6 records for Rajgir
  Fetching Raw Biomass(Agro Residue)...
  Fetching Raya...
  Fetching Riccbcan...
  Fetching Rubber...
    Saved 5 records for Rubber
  Fetching Sabu Dan...
    Saved 1 records for Sabu Dan
  Fetching Sarasum...
  Fetching Seegu...
  Fetching Skin And Hide...
  Fetching Sompu...
  Fetching Sugar...
    Saved 3 records for Sugar
  Fetching Sugarcane...
  Fetching Suram...
  Fetching Tulasi...
  Fetching Water Plant(Kaseru)...
  Fetching Water chestnut...
    Saved 1 records for Water chestnut
  Fetching Wheat Atta...
    Saved 1 records for Wheat Atta
  Fetching Wool...
  Fetching Yam...
Finished fetch for 2026-02-11
  [eNAM] Starting...
Fetching eNAM data for 2026-02-11...
Fetched 2519 records from eNAM.
Saving raw eNAM data to database...
Finished saving eNAM data for 2026-02-11.
  [Normalization] Starting...
[Normalizer] Starting Incremental Processing for 2026-02-11...
[Normalizer] Processing 11485 fresh records (8966 Agmark, 2519 eNAM)
[uuiq_helper] Generating new UUID for: PADDY-MTU1001
[uuiq_helper] Saved new commodity PADDY-MTU1001 as VAAR841
[uuiq_helper] Generating new UUID for: PADDY- NLR(TN)
[uuiq_helper] Saved new commodity PADDY- NLR(TN) as VAAR842
[Normalizer] Completed for 2026-02-11. Processed: 10043/11485 (87.4% yield)
--- Finished Date: 2026-02-11 ---

=== Processing Date: 2026-02-12 ===
  [Agmark] Starting (Attempt 1)...
Starting fetch for 2026-02-12...
Processing Group: Beverages (4 items)
  Fetching Cocoa...
  Fetching Coffee...
    Saved 2 records for Coffee
  Fetching Green Tea...
  Fetching Tea...
Processing Group: Cereals (26 items)
  Fetching Bajra(Pearl Millet/Cumbu)...
    Saved 100 records for Bajra(Pearl Millet/Cumbu)
  Fetching Barley(Jau)...
    Saved 17 records for Barley(Jau)
  Fetching Barnyard Millet...
  Fetching Beaten Rice...
    Saved 1 records for Beaten Rice
  Fetching Browntop Millet...
  Fetching Chakhao(Black Rice)...
  Fetching Foxtail Millet(Navane)...
  Fetching Hybrid Cumbu...
  Fetching Jaee...
  Fetching Jowar(Sorghum)...
    Saved 55 records for Jowar(Sorghum)
  Fetching Kodo Millet(Varagu)...
    Saved 6 records for Kodo Millet(Varagu)
  Fetching Kutki...
    Saved 4 records for Kutki
  Fetching Little Millet ...
  Fetching Maize...
    Saved 100 records for Maize
  Fetching Paddy(Basmati)...
    Saved 12 records for Paddy(Basmati)
  Fetching Paddy(Common)...
    Saved 100 records for Paddy(Common)
  Fetching Proso Millet...
  Fetching Ragi(Finger Millet)...
    Saved 8 records for Ragi(Finger Millet)
  Fetching Rala...
  Fetching Rice...
    Saved 100 records for Rice
  Fetching Sajje...
  Fetching Same/Savi...
  Fetching Soji...
  Fetching Sweet Corn ...
    Saved 1 records for Sweet Corn 
  Fetching T.V. Cumbu...
    Saved 1 records for T.V. Cumbu
  Fetching Wheat...
    Saved 100 records for Wheat
Processing Group: Drug and Narcotics (37 items)
  Fetching Arecanut(Betelnut/Supari)...
    Saved 55 records for Arecanut(Betelnut/Supari)
  Fetching Asalia...
    Saved 3 records for Asalia
  Fetching Ashoka...
  Fetching Ashwagandha...
    Saved 1 records for Ashwagandha
  Fetching Asparagus...
    Saved 1 records for Asparagus
  Fetching Atis...
  Fetching Betal Leaves...
    Saved 19 records for Betal Leaves
  Fetching Chandrashoor...
  Fetching Coleus...
  Fetching Isabgul(Psyllium)...
    Saved 17 records for Isabgul(Psyllium)
  Fetching Isbgol...
  Fetching Lemongrass...
  Fetching Mahua...
    Saved 1 records for Mahua
  Fetching Mentha Oil...
  Fetching Muesli...
  Fetching Muleti...
  Fetching Myrobolan(Harad)...
  Fetching Neem Fruits...
  Fetching Palash flowers...
  Fetching Poppy capsules...
  Fetching Pupadia...
  Fetching Swan Plant (Green Herb)...
  Fetching Tobacco...
  Fetching Vatsanabha...
  Fetching White Muesli...
  Fetching basil...
    Saved 1 records for basil
  Fetching dhawai flowers...
  Fetching karanja seeds...
  Fetching kutki...
  Fetching liquor turmeric...
  Fetching macoy...
  Fetching nigella seeds...
    Saved 1 records for nigella seeds
  Fetching pippali...
  Fetching sanay...
  Fetching stevia...
  Fetching stone pulverizer...
  Fetching vadang...
Processing Group: Dry Fruits (8 items)
  Fetching Almond(Badam)...
    Saved 1 records for Almond(Badam)
  Fetching Cashewnuts...
    Saved 3 records for Cashewnuts
  Fetching Dates...
  Fetching Dry Grapes...
    Saved 2 records for Dry Grapes
  Fetching Fig (Dry)...
  Fetching Pine Nut(Chilgoza /Niyoza)...
  Fetching Pista(Pistachio)...
  Fetching Walnut...
Processing Group: Fibre Crops (5 items)
  Fetching Ambady/Mesta...
  Fetching Cotton...
    Saved 100 records for Cotton
  Fetching Jute...
    Saved 14 records for Jute
  Fetching Lint...
  Fetching Sunhemp...
Processing Group: Flowers (58 items)
  Fetching Anthorium...
    Saved 1 records for Anthorium
  Fetching Astera...
    Saved 1 records for Astera
  Fetching BOP...
  Fetching Calendula...
  Fetching Carnation...
    Saved 2 records for Carnation
  Fetching Chrysanthemum...
    Saved 1 records for Chrysanthemum
  Fetching Chrysanthemum(Loose)...
  Fetching Clarkia...
  Fetching Cossandra...
  Fetching Daila(Chandni)...
  Fetching Delha...
    Saved 1 records for Delha
  Fetching Gamphrena...
  Fetching Gerbera...
  Fetching Gladiolus Bulb...
  Fetching Gladiolus Cut Flower...
    Saved 1 records for Gladiolus Cut Flower
  Fetching Glardia...
  Fetching Heliconia species...
  Fetching Irish...
  Fetching Jaffri...
    Saved 1 records for Jaffri
  Fetching Jarbara...
    Saved 1 records for Jarbara
  Fetching Jasmine...
    Saved 5 records for Jasmine
  Fetching Kagda...
  Fetching Kakada...
    Saved 3 records for Kakada
  Fetching Kankambra...
    Saved 1 records for Kankambra
  Fetching Kevda...
  Fetching Lilly...
    Saved 2 records for Lilly
  Fetching Limonia(status)...
  Fetching Lotus...
  Fetching Lupine...
  Fetching Marget...
    Saved 1 records for Marget
  Fetching Marigold(Calcutta)...
    Saved 27 records for Marigold(Calcutta)
  Fetching Marigold(loose)...
    Saved 2 records for Marigold(loose)
  Fetching Marikozhunthu...
  Fetching Nerium...
  Fetching Orchid...
    Saved 1 records for Orchid
  Fetching Patti Calcutta...
    Saved 1 records for Patti Calcutta
  Fetching Pincushion Flower...
  Fetching Raibel...
  Fetching Rose(Local)...
    Saved 25 records for Rose(Local)
  Fetching Rose(Loose))...
    Saved 2 records for Rose(Loose))
  Fetching Rose(Tata)...
  Fetching Swanflower...
  Fetching Sweet Sultan...
  Fetching Tube Flower...
    Saved 2 records for Tube Flower
  Fetching Tube Rose(Double)...
    Saved 1 records for Tube Rose(Double)
  Fetching Tube Rose(Loose)...
    Saved 9 records for Tube Rose(Loose)
  Fetching Tube Rose(Single)...
    Saved 1 records for Tube Rose(Single)
  Fetching balsam...
  Fetching cineraria...
  Fetching dianthus...
  Fetching golden rod...
  Fetching gypsophila...
  Fetching hydrangea...
  Fetching kakatan...
  Fetching salvia...
  Fetching sevanti...
  Fetching sweet william...
  Fetching tulip...
    Saved 1 records for tulip
Processing Group: Forest Products (39 items)
  Fetching Absinthe...
    Saved 1 records for Absinthe
  Fetching Ambada Seed...
  Fetching Antawala...
  Fetching Bamboo...
  Fetching Bay leaf(Tejpatta)...
  Fetching Behada...
    Saved 1 records for Behada
  Fetching Bhui Amlaya...
  Fetching Brahmi...
  Fetching Broomstick(Flower Broom)...
  Fetching Cane...
  Fetching Chironji...
  Fetching Firewood...
    Saved 2 records for Firewood
  Fetching Flower Broom...
  Fetching Giloy...
    Saved 1 records for Giloy
  Fetching Gond...
  Fetching Gudmar...
  Fetching Guggal...
  Fetching Harrah...
    Saved 2 records for Harrah
  Fetching Hippe Seed...
  Fetching Jute Seed...
  Fetching Kalihari...
  Fetching Kalmegh...
  Fetching Kooth...
  Fetching Mahua Seed(Hippe seed)...
  Fetching Neem Seed...
  Fetching Pundi Seed...
    Saved 1 records for Pundi Seed
  Fetching Ratanjot...
  Fetching Resinwood...
  Fetching Salix-Pursi(Willow)...
  Fetching Sandalwood...
  Fetching Soapnut(Antawala/Retha)...
  Fetching Tamarind Fruit...
    Saved 31 records for Tamarind Fruit
  Fetching Tamarind Seed...
    Saved 1 records for Tamarind Seed
  Fetching Torchwood...
  Fetching Wax...
  Fetching Wood...
    Saved 6 records for Wood
  Fetching gulli...
  Fetching kokum...
  Fetching spikenard...
Processing Group: Fruits (64 items)
  Fetching Amla(Nelli Kai)...
    Saved 90 records for Amla(Nelli Kai)
  Fetching Apple...
    Saved 100 records for Apple
  Fetching Apricot(Jardalu/Khumani)...
  Fetching Avocado...
  Fetching Bael...
  Fetching Banana...
    Saved 100 records for Banana
  Fetching Ber(Zizyphus/Borehannu)...
    Saved 26 records for Ber(Zizyphus/Borehannu)
  Fetching Bilimbi...
  Fetching Black Currant...
  Fetching Blueberry...
  Fetching Borehannu...
  Fetching Bread Fruit...
  Fetching Carissa(Karvand)...
  Fetching Chakotha...
  Fetching Cherry...
  Fetching Chikoos(Sapota)...
    Saved 100 records for Chikoos(Sapota)
  Fetching Custard Apple(Sharifa)...
    Saved 13 records for Custard Apple(Sharifa)
  Fetching Dragon fruit...
  Fetching Garcinia...
  Fetching Goose berry(Nellikkai)...
  Fetching Grapes...
    Saved 100 records for Grapes
  Fetching Grey Fruit...
  Fetching Guava...
    Saved 100 records for Guava
  Fetching Hog Plum...
  Fetching Indian Sherbet Berry(Phalsa)...
  Fetching Jack Fruit...
    Saved 12 records for Jack Fruit
  Fetching Jamun(Narale Hannu)...
  Fetching Karbuja(Musk Melon)...
    Saved 34 records for Karbuja(Musk Melon)
  Fetching Khirni...
  Fetching Kinnow...
    Saved 98 records for Kinnow
  Fetching Kiwi Fruit...
    Saved 1 records for Kiwi Fruit
  Fetching Lime...
    Saved 75 records for Lime
  Fetching Litchi...
  Fetching Lukad...
  Fetching Mango...
    Saved 7 records for Mango
  Fetching Mangosteen...
  Fetching Marasebu...
  Fetching Mousambi(Sweet Lime)...
    Saved 88 records for Mousambi(Sweet Lime)
  Fetching Mulberry...
  Fetching Nearle Hannu...
  Fetching Nelli Kai...
  Fetching Orange...
    Saved 89 records for Orange
  Fetching Papaya...
    Saved 100 records for Papaya
  Fetching Passion Fruit...
  Fetching Peach...
  Fetching Pear(Marasebu)...
    Saved 3 records for Pear(Marasebu)
  Fetching Persimon(Japani Fal)...
    Saved 1 records for Persimon(Japani Fal)
  Fetching Pineapple...
    Saved 64 records for Pineapple
  Fetching Plum...
  Fetching Pomegranate...
    Saved 100 records for Pomegranate
  Fetching Quince(Nakh)...
  Fetching Rambutan...
  Fetching Ramphal...
  Fetching Seetapal...
    Saved 2 records for Seetapal
  Fetching Siddota...
  Fetching Soursop...
  Fetching Star Fruit(Kamraikh)...
  Fetching Strawberry...
    Saved 1 records for Strawberry
  Fetching Tender Coconut...
    Saved 84 records for Tender Coconut
  Fetching Water Apple...
  Fetching Water Melon...
    Saved 58 records for Water Melon
  Fetching Wild Melon...
  Fetching Wild lemon...
  Fetching Wood Apple...
Processing Group: Live Stock,Poultry,Fisheries (21 items)
  Fetching Bull...
  Fetching Calf...
  Fetching Cock...
    Saved 1 records for Cock
  Fetching Cow...
    Saved 1 records for Cow
  Fetching Crab...
  Fetching Dry Fish...
  Fetching Duck...
  Fetching Egg...
  Fetching Fish...
    Saved 30 records for Fish
  Fetching Goat...
  Fetching He Buffalo...
  Fetching Hen...
    Saved 1 records for Hen
  Fetching Ox...
    Saved 2 records for Ox
  Fetching Pigs...
  Fetching Prawn...
  Fetching Ram...
  Fetching She Buffalo...
    Saved 2 records for She Buffalo
  Fetching She Goat...
  Fetching Sheep...
  Fetching Shrimp...
  Fetching Silk Cocoon...
Processing Group: Oil Seeds (24 items)
  Fetching Castor Seed...
    Saved 45 records for Castor Seed
  Fetching Coconut Seed...
    Saved 3 records for Coconut Seed
  Fetching Copra...
    Saved 6 records for Copra
  Fetching Cotton Seed...
  Fetching Ground Nut Seed...
    Saved 10 records for Ground Nut Seed
  Fetching Groundnut...
    Saved 100 records for Groundnut
  Fetching Groundnut(Split)...
    Saved 2 records for Groundnut(Split)
  Fetching Gurellu...
  Fetching Honge seed...
    Saved 1 records for Honge seed
  Fetching Kuchur - Kusum Seed...
  Fetching Laha...
  Fetching Linseed...
    Saved 13 records for Linseed
  Fetching Mustard...
    Saved 100 records for Mustard
  Fetching Niger Seed(Ramtil)...
    Saved 3 records for Niger Seed(Ramtil)
  Fetching Safflower...
    Saved 2 records for Safflower
  Fetching Sal Seeds...
  Fetching Sesamum(Sesame,Gingelly,Til)...
    Saved 45 records for Sesamum(Sesame,Gingelly,Til)
  Fetching Soha...
    Saved 1 records for Soha
  Fetching Soyabean...
    Saved 100 records for Soyabean
  Fetching Sunflower...
    Saved 1 records for Sunflower
  Fetching Sunflower Seed...
  Fetching Suva(Dill Seed)...
    Saved 4 records for Suva(Dill Seed)
  Fetching Taramira...
    Saved 2 records for Taramira
  Fetching Toria...
    Saved 1 records for Toria
Processing Group: Oils and Fats (8 items)
  Fetching Butter...
  Fetching Castor Oil...
  Fetching Coconut Oil...
  Fetching Dalda...
  Fetching Ghee...
    Saved 1 records for Ghee
  Fetching Gingelly Oil...
  Fetching Ground Nut Oil...
  Fetching Mustard Oil...
    Saved 6 records for Mustard Oil
Processing Group: Pulses (38 items)
  Fetching Alasande Gram...
    Saved 2 records for Alasande Gram
  Fetching Arhar Dal(Tur Dal)...
    Saved 10 records for Arhar Dal(Tur Dal)
  Fetching Arhar(Tur/Red Gram)(Whole)...
    Saved 100 records for Arhar(Tur/Red Gram)(Whole)
  Fetching Avare Dal...
    Saved 2 records for Avare Dal
  Fetching Beans...
    Saved 100 records for Beans
  Fetching Bengal Gram Dal(Chana Dal)...
    Saved 4 records for Bengal Gram Dal(Chana Dal)
  Fetching Bengal Gram(Gram)(Whole)...
    Saved 100 records for Bengal Gram(Gram)(Whole)
  Fetching Big Gram...
    Saved 2 records for Big Gram
  Fetching Black Gram Dal(Urd Dal)...
    Saved 4 records for Black Gram Dal(Urd Dal)
  Fetching Black Gram(Urd Beans)(Whole)...
    Saved 67 records for Black Gram(Urd Beans)(Whole)
  Fetching Bullar...
    Saved 1 records for Bullar
  Fetching Chennangi Dal...
  Fetching Chennangi(Whole)...
  Fetching Cowpea(Lobia/Karamani)...
    Saved 6 records for Cowpea(Lobia/Karamani)
  Fetching Dal(Avare)...
  Fetching Field Gram...
  Fetching Green Gram Dal(Moong Dal)...
    Saved 9 records for Green Gram Dal(Moong Dal)
  Fetching Green Gram(Moong)(Whole)...
    Saved 51 records for Green Gram(Moong)(Whole)
  Fetching Green Peas...
    Saved 100 records for Green Peas
  Fetching Guar Seed(Cluster Beans Seed)...
    Saved 33 records for Guar Seed(Cluster Beans Seed)
  Fetching Kabuli Chana(Chickpeas-White)...
    Saved 28 records for Kabuli Chana(Chickpeas-White)
  Fetching Karamani...
  Fetching Kidney Beans(Rajma)...
  Fetching Kulthi(Horse Gram)...
    Saved 11 records for Kulthi(Horse Gram)
  Fetching Lak(Teora)...
    Saved 12 records for Lak(Teora)
  Fetching Lentil(Masur)(Whole)...
    Saved 73 records for Lentil(Masur)(Whole)
  Fetching Masur Dal...
    Saved 13 records for Masur Dal
  Fetching Mataki...
    Saved 4 records for Mataki
  Fetching Moath Dal...
    Saved 8 records for Moath Dal
  Fetching Other Pulses...
    Saved 1 records for Other Pulses
  Fetching Peas(Dry)...
    Saved 4 records for Peas(Dry)
  Fetching Red Gram...
    Saved 5 records for Red Gram
  Fetching Rice Bean...
  Fetching Tevada...
  Fetching Thinai(Italian Millet)...
  Fetching White Peas...
    Saved 3 records for White Peas
  Fetching Wild Bean / Pod...
  Fetching buttery...
    Saved 15 records for buttery
Processing Group: Spices (31 items)
  Fetching Ajwan...
    Saved 6 records for Ajwan
  Fetching Asgand...
    Saved 1 records for Asgand
  Fetching Betelnuts...
  Fetching Black pepper...
    Saved 14 records for Black pepper
  Fetching Cardamoms...
    Saved 1 records for Cardamoms
  Fetching Chili Red...
    Saved 17 records for Chili Red
  Fetching Cinamon(Dalchini)...
    Saved 1 records for Cinamon(Dalchini)
  Fetching Cloves...
  Fetching Coca...
  Fetching Coconut...
    Saved 100 records for Coconut
  Fetching Corriander seed...
    Saved 29 records for Corriander seed
  Fetching Cummin Seed(Jeera)...
    Saved 34 records for Cummin Seed(Jeera)
  Fetching Dry Chillies...
    Saved 16 records for Dry Chillies
  Fetching Ginger Seed...
  Fetching Ginger(Dry)...
    Saved 11 records for Ginger(Dry)
  Fetching Kacholam...
  Fetching Large Cardamom...
  Fetching Mace...
  Fetching Methi Seeds...
    Saved 18 records for Methi Seeds
  Fetching Muskmelon Seeds...
  Fetching Nutmeg...
  Fetching Pepper garbled...
  Fetching Pepper ungarbled...
    Saved 1 records for Pepper ungarbled
  Fetching Rayee...
  Fetching Saffron...
  Fetching Soanf...
    Saved 10 records for Soanf
  Fetching Turmeric...
    Saved 9 records for Turmeric
  Fetching dried mango...
  Fetching mango powder...
    Saved 1 records for mango powder
  Fetching nigella...
    Saved 2 records for nigella
  Fetching poppy seeds...
    Saved 3 records for poppy seeds
Processing Group: Vegetables (128 items)
  Fetching Aloe Vera...
  Fetching Alsandikai...
    Saved 2 records for Alsandikai
  Fetching Amaranthus...
    Saved 100 records for Amaranthus
  Fetching Ambat Chuka...
  Fetching Amranthas Red...
    Saved 1 records for Amranthas Red
  Fetching Arrowroot...
  Fetching Ashgourd...
    Saved 100 records for Ashgourd
  Fetching Baby Corn...
  Fetching Bajji chilli...
  Fetching Balekai...
  Fetching Bamboo Shoot...
  Fetching Banana - Green...
    Saved 100 records for Banana - Green
  Fetching Banana Leaf...
  Fetching Banana flower...
  Fetching Banana stem...
  Fetching Beetroot...
    Saved 100 records for Beetroot
  Fetching Bhindi(Ladies Finger)...
    Saved 100 records for Bhindi(Ladies Finger)
  Fetching Binoula...
  Fetching Bitter gourd...
    Saved 100 records for Bitter gourd
  Fetching Bottle gourd...
    Saved 100 records for Bottle gourd
  Fetching Brinjal...
    Saved 100 records for Brinjal
  Fetching Brocoli...
  Fetching Cabbage...
    Saved 100 records for Cabbage
  Fetching Capsicum...
    Saved 100 records for Capsicum
  Fetching Carrot...
    Saved 100 records for Carrot
  Fetching Cauliflower...
    Saved 100 records for Cauliflower
  Fetching Chapparad Avare...
    Saved 2 records for Chapparad Avare
  Fetching Chhappan Kaddu...
    Saved 1 records for Chhappan Kaddu
  Fetching Chilly Capsicum...
    Saved 32 records for Chilly Capsicum
  Fetching Chow Chow...
    Saved 100 records for Chow Chow
  Fetching Cluster beans...
    Saved 100 records for Cluster beans
  Fetching Colacasia...
    Saved 99 records for Colacasia
  Fetching Coriander(Leaves)...
    Saved 100 records for Coriander(Leaves)
  Fetching Cowpea(Veg)...
    Saved 100 records for Cowpea(Veg)
  Fetching Cucumbar(Kheera)...
    Saved 100 records for Cucumbar(Kheera)
  Fetching Curry Leaf...
  Fetching Double Beans...
  Fetching Drumstick...
    Saved 100 records for Drumstick
  Fetching Duster Beans...
    Saved 1 records for Duster Beans
  Fetching Elephant Yam(Suran)/Amorphophallus...
    Saved 100 records for Elephant Yam(Suran)/Amorphophallus
  Fetching Field Bean(Anumulu)...
  Fetching Field Pea...
    Saved 21 records for Field Pea
  Fetching French Beans(Frasbean)...
    Saved 52 records for French Beans(Frasbean)
  Fetching Galgal(Lemon)...
    Saved 1 records for Galgal(Lemon)
  Fetching Garlic...
    Saved 100 records for Garlic
  Fetching Gherkin...
  Fetching Ghost Pepper(King Chilli)...
  Fetching Ginger(Green)...
    Saved 100 records for Ginger(Green)
  Fetching Goosefoot...
  Fetching Gram Raw(Chholia)...
    Saved 2 records for Gram Raw(Chholia)
  Fetching Green Avare(W)...
    Saved 100 records for Green Avare(W)
  Fetching Green Chilli...
    Saved 100 records for Green Chilli
  Fetching Groundnut pods(raw)...
  Fetching Guar...
    Saved 50 records for Guar
  Fetching Indian Beans(Seam)...
    Saved 93 records for Indian Beans(Seam)
  Fetching Indian Colza(Sarson)...
    Saved 6 records for Indian Colza(Sarson)
  Fetching Jackfruit Seed...
  Fetching Jamamkhan...
  Fetching Kartali(Kantola)...
  Fetching Knool Khol...
    Saved 99 records for Knool Khol
  Fetching Ladies Finger...
    Saved 8 records for Ladies Finger
  Fetching Leafy Vegetable...
    Saved 8 records for Leafy Vegetable
  Fetching Leek...
  Fetching Lemon...
    Saved 100 records for Lemon
  Fetching Lesser Yam...
  Fetching Little gourd(Kundru)...
    Saved 19 records for Little gourd(Kundru)
  Fetching Long Melon(Kakri)...
    Saved 6 records for Long Melon(Kakri)
  Fetching Lotus Sticks...
    Saved 1 records for Lotus Sticks
  Fetching Mango(Raw-Ripe)...
    Saved 100 records for Mango(Raw-Ripe)
  Fetching Mashrooms...
    Saved 53 records for Mashrooms
  Fetching Meal Maker (Soya Chunks)...
  Fetching Methi(Leaves)...
    Saved 73 records for Methi(Leaves)
  Fetching Mint(Pudina)...
    Saved 100 records for Mint(Pudina)
  Fetching Onion...
    Saved 100 records for Onion
  Fetching Onion Green...
    Saved 100 records for Onion Green
  Fetching Other green and fresh vegetables...
    Saved 1 records for Other green and fresh vegetables
  Fetching Papaya(Raw)...
    Saved 17 records for Papaya(Raw)
  Fetching Peas Wet...
    Saved 100 records for Peas Wet
  Fetching Peas cod...
    Saved 37 records for Peas cod
  Fetching Pegeon Pea(Arhar Fali)...
    Saved 4 records for Pegeon Pea(Arhar Fali)
  Fetching Perandai...
  Fetching Phuee(Leafy Veg)...
  Fetching Pointed gourd(Parval)...
    Saved 7 records for Pointed gourd(Parval)
  Fetching Pokcha Leafy Veg...
  Fetching Potato...
    Saved 100 records for Potato
  Fetching Pumpkin...
    Saved 100 records for Pumpkin
  Fetching Purslane...
  Fetching Raddish...
    Saved 100 records for Raddish
  Fetching Rat Tail Radish(Mogari)...
    Saved 1 records for Rat Tail Radish(Mogari)
  Fetching Red Cabbage...
  Fetching Red Gourd...
  Fetching Ribbed Celery...
  Fetching Ridge Gourd(Permal/Hybrid Gourd)...
  Fetching Ridgeguard(Tori)...
    Saved 100 records for Ridgeguard(Tori)
  Fetching Round Chilli...
  Fetching Round gourd...
    Saved 3 records for Round gourd
  Fetching Season Leaves...
    Saved 2 records for Season Leaves
  Fetching Seemebadnekai...
    Saved 6 records for Seemebadnekai
  Fetching Sem...
    Saved 2 records for Sem
  Fetching Siru Kizhagu...
  Fetching Snakeguard...
    Saved 100 records for Snakeguard
  Fetching Snow Mountain Garlic...
    Saved 1 records for Snow Mountain Garlic
  Fetching Spinach...
    Saved 100 records for Spinach
  Fetching Sponge gourd...
    Saved 13 records for Sponge gourd
  Fetching Squash(Chappal Kadoo)...
    Saved 17 records for Squash(Chappal Kadoo)
  Fetching Sugar Snap Peas...
  Fetching Sundaikai...
  Fetching Surat Beans(Papadi)...
    Saved 4 records for Surat Beans(Papadi)
  Fetching Suvarna Gadde...
    Saved 3 records for Suvarna Gadde
  Fetching Swan Phali(Flat Bean)...
  Fetching Sweet Potato...
    Saved 100 records for Sweet Potato
  Fetching Sweet Pumpkin...
    Saved 37 records for Sweet Pumpkin
  Fetching Sweet Saag...
    Saved 1 records for Sweet Saag
  Fetching Tapioca...
    Saved 100 records for Tapioca
  Fetching Taro (Arvi) Leaves...
  Fetching Taro (Arvi) Stem...
    Saved 1 records for Taro (Arvi) Stem
  Fetching Thogrikai...
    Saved 1 records for Thogrikai
  Fetching Thondekai...
    Saved 95 records for Thondekai
  Fetching Tinda...
    Saved 17 records for Tinda
  Fetching Tomato...
    Saved 100 records for Tomato
  Fetching Turmeric(raw)...
    Saved 7 records for Turmeric(raw)
  Fetching Turnip...
    Saved 45 records for Turnip
  Fetching White Pumpkin...
    Saved 1 records for White Pumpkin
  Fetching Wild Cucumber...
  Fetching Wild Garlic / Shoots...
  Fetching Wild Spinach...
  Fetching Yam Bean / Mexican Turnip(Bankla)...
  Fetching Yam(Ratalu)...
    Saved 100 records for Yam(Ratalu)
Processing Group: Others (52 items)
  Fetching Ajwain Husk...
  Fetching Bran...
  Fetching Broken Rice...
  Fetching Bunch Beans...
    Saved 3 records for Bunch Beans
  Fetching Camel Hair...
  Fetching Cashew Kernnel...
  Fetching Coconut Coir...
  Fetching Dhaincha...
    Saved 4 records for Dhaincha
  Fetching Dry Fodder...
    Saved 2 records for Dry Fodder
  Fetching Egypian Clover(Barseem)...
  Fetching Fig(Anjura/Anjeer)...
    Saved 4 records for Fig(Anjura/Anjeer)
  Fetching Flax seeds...
  Fetching Goat Hair...
  Fetching Gramflour...
  Fetching Green Fodder...
    Saved 2 records for Green Fodder
  Fetching Gur(Jaggery)...
    Saved 27 records for Gur(Jaggery)
  Fetching Haralekai...
  Fetching Hilsa...
  Fetching Honey...
  Fetching Jaggery...
    Saved 13 records for Jaggery
  Fetching Javi...
  Fetching Kharif Mash...
  Fetching Khoya...
  Fetching Kuchur...
  Fetching Ma.Inji...
  Fetching Mahedi...
    Saved 1 records for Mahedi
  Fetching Maida Atta...
    Saved 1 records for Maida Atta
  Fetching Maragensu...
  Fetching Mash...
  Fetching Millets...
    Saved 1 records for Millets
  Fetching Nargasi...
  Fetching Polherb...
  Fetching Pundi...
  Fetching Rajgir...
    Saved 6 records for Rajgir
  Fetching Raw Biomass(Agro Residue)...
  Fetching Raya...
  Fetching Riccbcan...
  Fetching Rubber...
    Saved 1 records for Rubber
  Fetching Sabu Dan...
    Saved 1 records for Sabu Dan
  Fetching Sarasum...
  Fetching Seegu...
  Fetching Skin And Hide...
  Fetching Sompu...
  Fetching Sugar...
    Saved 3 records for Sugar
  Fetching Sugarcane...
  Fetching Suram...
  Fetching Tulasi...
  Fetching Water Plant(Kaseru)...
  Fetching Water chestnut...
    Saved 1 records for Water chestnut
  Fetching Wheat Atta...
    Saved 1 records for Wheat Atta
  Fetching Wool...
  Fetching Yam...
Finished fetch for 2026-02-12
  [eNAM] Starting...
Fetching eNAM data for 2026-02-12...
Fetched 2305 records from eNAM.
Saving raw eNAM data to database...
Finished saving eNAM data for 2026-02-12.
  [Normalization] Starting...
[Normalizer] Starting Incremental Processing for 2026-02-12...
[Normalizer] Processing 11164 fresh records (8859 Agmark, 2305 eNAM)
[uuiq_helper] Generating new UUID for: MUSTARD WHITE SEEDS
[uuiq_helper] Saved new commodity MUSTARD WHITE SEEDS as VAAR843
[uuiq_helper] Generating new UUID for: SILK COCOON(BH) _DOUBLE HYBR 
[uuiq_helper] Saved new commodity SILK COCOON(BH) _DOUBLE HYBR  as VAAR844
[uuiq_helper] Generating new UUID for: PADDY-SUPER FINE
[uuiq_helper] Saved new commodity PADDY-SUPER FINE as VAAR845
[Normalizer] Completed for 2026-02-12. Processed: 9878/11164 (88.5% yield)
--- Finished Date: 2026-02-12 ---

=== Processing Date: 2026-02-13 ===
  [Agmark] Starting (Attempt 1)...
Starting fetch for 2026-02-13...
Processing Group: Beverages (4 items)
  Fetching Cocoa...
  Fetching Coffee...
    Saved 3 records for Coffee
  Fetching Green Tea...
  Fetching Tea...
Processing Group: Cereals (26 items)
  Fetching Bajra(Pearl Millet/Cumbu)...
    Saved 100 records for Bajra(Pearl Millet/Cumbu)
  Fetching Barley(Jau)...
    Saved 18 records for Barley(Jau)
  Fetching Barnyard Millet...
  Fetching Beaten Rice...
    Saved 1 records for Beaten Rice
  Fetching Browntop Millet...
  Fetching Chakhao(Black Rice)...
  Fetching Foxtail Millet(Navane)...
  Fetching Hybrid Cumbu...
  Fetching Jaee...
  Fetching Jowar(Sorghum)...
    Saved 65 records for Jowar(Sorghum)
  Fetching Kodo Millet(Varagu)...
    Saved 7 records for Kodo Millet(Varagu)
  Fetching Kutki...
    Saved 3 records for Kutki
  Fetching Little Millet ...
  Fetching Maize...
    Saved 100 records for Maize
  Fetching Paddy(Basmati)...
    Saved 13 records for Paddy(Basmati)
  Fetching Paddy(Common)...
    Saved 100 records for Paddy(Common)
  Fetching Proso Millet...
  Fetching Ragi(Finger Millet)...
    Saved 4 records for Ragi(Finger Millet)
  Fetching Rala...
  Fetching Rice...
    Saved 100 records for Rice
  Fetching Sajje...
  Fetching Same/Savi...
  Fetching Soji...
  Fetching Sweet Corn ...
    Saved 1 records for Sweet Corn 
  Fetching T.V. Cumbu...
  Fetching Wheat...
    Saved 100 records for Wheat
Processing Group: Drug and Narcotics (37 items)
  Fetching Arecanut(Betelnut/Supari)...
    Saved 42 records for Arecanut(Betelnut/Supari)
  Fetching Asalia...
    Saved 3 records for Asalia
  Fetching Ashoka...
  Fetching Ashwagandha...
    Saved 1 records for Ashwagandha
  Fetching Asparagus...
    Saved 1 records for Asparagus
  Fetching Atis...
  Fetching Betal Leaves...
    Saved 20 records for Betal Leaves
  Fetching Chandrashoor...
  Fetching Coleus...
  Fetching Isabgul(Psyllium)...
    Saved 9 records for Isabgul(Psyllium)
  Fetching Isbgol...
  Fetching Lemongrass...
  Fetching Mahua...
    Saved 1 records for Mahua
  Fetching Mentha Oil...
  Fetching Muesli...
  Fetching Muleti...
  Fetching Myrobolan(Harad)...
  Fetching Neem Fruits...
  Fetching Palash flowers...
  Fetching Poppy capsules...
  Fetching Pupadia...
  Fetching Swan Plant (Green Herb)...
  Fetching Tobacco...
  Fetching Vatsanabha...
  Fetching White Muesli...
  Fetching basil...
    Saved 1 records for basil
  Fetching dhawai flowers...
  Fetching karanja seeds...
  Fetching kutki...
  Fetching liquor turmeric...
  Fetching macoy...
  Fetching nigella seeds...
    Saved 1 records for nigella seeds
  Fetching pippali...
  Fetching sanay...
  Fetching stevia...
    Saved 1 records for stevia
  Fetching stone pulverizer...
  Fetching vadang...
Processing Group: Dry Fruits (8 items)
  Fetching Almond(Badam)...
    Saved 1 records for Almond(Badam)
  Fetching Cashewnuts...
    Saved 3 records for Cashewnuts
  Fetching Dates...
  Fetching Dry Grapes...
    Saved 1 records for Dry Grapes
  Fetching Fig (Dry)...
  Fetching Pine Nut(Chilgoza /Niyoza)...
  Fetching Pista(Pistachio)...
  Fetching Walnut...
Processing Group: Fibre Crops (5 items)
  Fetching Ambady/Mesta...
  Fetching Cotton...
    Saved 100 records for Cotton
  Fetching Jute...
    Saved 14 records for Jute
  Fetching Lint...
  Fetching Sunhemp...
    Saved 1 records for Sunhemp
Processing Group: Flowers (58 items)
  Fetching Anthorium...
    Saved 1 records for Anthorium
  Fetching Astera...
  Fetching BOP...
    Saved 1 records for BOP
  Fetching Calendula...
  Fetching Carnation...
    Saved 1 records for Carnation
  Fetching Chrysanthemum...
    Saved 1 records for Chrysanthemum
  Fetching Chrysanthemum(Loose)...
    Saved 1 records for Chrysanthemum(Loose)
  Fetching Clarkia...
  Fetching Cossandra...
  Fetching Daila(Chandni)...
  Fetching Delha...
    Saved 1 records for Delha
  Fetching Gamphrena...
  Fetching Gerbera...
  Fetching Gladiolus Bulb...
  Fetching Gladiolus Cut Flower...
  Fetching Glardia...
  Fetching Heliconia species...
  Fetching Irish...
  Fetching Jaffri...
    Saved 1 records for Jaffri
  Fetching Jarbara...
    Saved 1 records for Jarbara
  Fetching Jasmine...
    Saved 6 records for Jasmine
  Fetching Kagda...
  Fetching Kakada...
    Saved 4 records for Kakada
  Fetching Kankambra...
  Fetching Kevda...
  Fetching Lilly...
    Saved 1 records for Lilly
  Fetching Limonia(status)...
  Fetching Lotus...
  Fetching Lupine...
  Fetching Marget...
    Saved 1 records for Marget
  Fetching Marigold(Calcutta)...
    Saved 28 records for Marigold(Calcutta)
  Fetching Marigold(loose)...
    Saved 2 records for Marigold(loose)
  Fetching Marikozhunthu...
  Fetching Nerium...
  Fetching Orchid...
    Saved 1 records for Orchid
  Fetching Patti Calcutta...
    Saved 1 records for Patti Calcutta
  Fetching Pincushion Flower...
  Fetching Raibel...
    Saved 1 records for Raibel
  Fetching Rose(Local)...
    Saved 23 records for Rose(Local)
  Fetching Rose(Loose))...
    Saved 1 records for Rose(Loose))
  Fetching Rose(Tata)...
  Fetching Swanflower...
  Fetching Sweet Sultan...
  Fetching Tube Flower...
    Saved 2 records for Tube Flower
  Fetching Tube Rose(Double)...
    Saved 1 records for Tube Rose(Double)
  Fetching Tube Rose(Loose)...
    Saved 10 records for Tube Rose(Loose)
  Fetching Tube Rose(Single)...
    Saved 1 records for Tube Rose(Single)
  Fetching balsam...
  Fetching cineraria...
  Fetching dianthus...
  Fetching golden rod...
  Fetching gypsophila...
  Fetching hydrangea...
  Fetching kakatan...
  Fetching salvia...
  Fetching sevanti...
  Fetching sweet william...
  Fetching tulip...
    Saved 1 records for tulip
Processing Group: Forest Products (39 items)
  Fetching Absinthe...
    Saved 1 records for Absinthe
  Fetching Ambada Seed...
  Fetching Antawala...
  Fetching Bamboo...
  Fetching Bay leaf(Tejpatta)...
  Fetching Behada...
    Saved 1 records for Behada
  Fetching Bhui Amlaya...
  Fetching Brahmi...
  Fetching Broomstick(Flower Broom)...
  Fetching Cane...
  Fetching Chironji...
  Fetching Firewood...
    Saved 1 records for Firewood
  Fetching Flower Broom...
  Fetching Giloy...
    Saved 1 records for Giloy
  Fetching Gond...
  Fetching Gudmar...
  Fetching Guggal...
  Fetching Harrah...
  Fetching Hippe Seed...
  Fetching Jute Seed...
  Fetching Kalihari...
  Fetching Kalmegh...
  Fetching Kooth...
  Fetching Mahua Seed(Hippe seed)...
  Fetching Neem Seed...
    Saved 1 records for Neem Seed
  Fetching Pundi Seed...
  Fetching Ratanjot...
  Fetching Resinwood...
  Fetching Salix-Pursi(Willow)...
  Fetching Sandalwood...
  Fetching Soapnut(Antawala/Retha)...
  Fetching Tamarind Fruit...
    Saved 29 records for Tamarind Fruit
  Fetching Tamarind Seed...
    Saved 2 records for Tamarind Seed
  Fetching Torchwood...
  Fetching Wax...
  Fetching Wood...
    Saved 5 records for Wood
  Fetching gulli...
  Fetching kokum...
  Fetching spikenard...
Processing Group: Fruits (64 items)
  Fetching Amla(Nelli Kai)...
    Saved 92 records for Amla(Nelli Kai)
  Fetching Apple...
    Saved 100 records for Apple
  Fetching Apricot(Jardalu/Khumani)...
  Fetching Avocado...
  Fetching Bael...
  Fetching Banana...
    Saved 100 records for Banana
  Fetching Ber(Zizyphus/Borehannu)...
    Saved 35 records for Ber(Zizyphus/Borehannu)
  Fetching Bilimbi...
  Fetching Black Currant...
  Fetching Blueberry...
  Fetching Borehannu...
  Fetching Bread Fruit...
  Fetching Carissa(Karvand)...
  Fetching Chakotha...
  Fetching Cherry...
  Fetching Chikoos(Sapota)...
    Saved 100 records for Chikoos(Sapota)
  Fetching Custard Apple(Sharifa)...
    Saved 14 records for Custard Apple(Sharifa)
  Fetching Dragon fruit...
  Fetching Garcinia...
  Fetching Goose berry(Nellikkai)...
  Fetching Grapes...
    Saved 100 records for Grapes
  Fetching Grey Fruit...
  Fetching Guava...
    Saved 100 records for Guava
  Fetching Hog Plum...
  Fetching Indian Sherbet Berry(Phalsa)...
  Fetching Jack Fruit...
    Saved 11 records for Jack Fruit
  Fetching Jamun(Narale Hannu)...
  Fetching Karbuja(Musk Melon)...
    Saved 30 records for Karbuja(Musk Melon)
  Fetching Khirni...
  Fetching Kinnow...
    Saved 86 records for Kinnow
  Fetching Kiwi Fruit...
    Saved 1 records for Kiwi Fruit
  Fetching Lime...
    Saved 76 records for Lime
  Fetching Litchi...
  Fetching Lukad...
  Fetching Mango...
    Saved 3 records for Mango
  Fetching Mangosteen...
  Fetching Marasebu...
  Fetching Mousambi(Sweet Lime)...
    Saved 92 records for Mousambi(Sweet Lime)
  Fetching Mulberry...
  Fetching Nearle Hannu...
  Fetching Nelli Kai...
  Fetching Orange...
    Saved 92 records for Orange
  Fetching Papaya...
    Saved 100 records for Papaya
  Fetching Passion Fruit...
  Fetching Peach...
  Fetching Pear(Marasebu)...
    Saved 4 records for Pear(Marasebu)
  Fetching Persimon(Japani Fal)...
    Saved 1 records for Persimon(Japani Fal)
  Fetching Pineapple...
    Saved 66 records for Pineapple
  Fetching Plum...
  Fetching Pomegranate...
    Saved 100 records for Pomegranate
  Fetching Quince(Nakh)...
  Fetching Rambutan...
  Fetching Ramphal...
  Fetching Seetapal...
    Saved 2 records for Seetapal
  Fetching Siddota...
  Fetching Soursop...
  Fetching Star Fruit(Kamraikh)...
  Fetching Strawberry...
    Saved 1 records for Strawberry
  Fetching Tender Coconut...
    Saved 84 records for Tender Coconut
  Fetching Water Apple...
  Fetching Water Melon...
    Saved 72 records for Water Melon
  Fetching Wild Melon...
  Fetching Wild lemon...
  Fetching Wood Apple...
Processing Group: Live Stock,Poultry,Fisheries (21 items)
  Fetching Bull...
  Fetching Calf...
  Fetching Cock...
    Saved 1 records for Cock
  Fetching Cow...
    Saved 1 records for Cow
  Fetching Crab...
  Fetching Dry Fish...
  Fetching Duck...
  Fetching Egg...
  Fetching Fish...
    Saved 28 records for Fish
  Fetching Goat...
    Saved 2 records for Goat
  Fetching He Buffalo...
  Fetching Hen...
    Saved 2 records for Hen
  Fetching Ox...
  Fetching Pigs...
    Saved 1 records for Pigs
  Fetching Prawn...
  Fetching Ram...
  Fetching She Buffalo...
    Saved 1 records for She Buffalo
  Fetching She Goat...
  Fetching Sheep...
  Fetching Shrimp...
  Fetching Silk Cocoon...
Processing Group: Oil Seeds (24 items)
  Fetching Castor Seed...
    Saved 49 records for Castor Seed
  Fetching Coconut Seed...
    Saved 6 records for Coconut Seed
  Fetching Copra...
    Saved 7 records for Copra
  Fetching Cotton Seed...
  Fetching Ground Nut Seed...
    Saved 8 records for Ground Nut Seed
  Fetching Groundnut...
    Saved 100 records for Groundnut
  Fetching Groundnut(Split)...
    Saved 3 records for Groundnut(Split)
  Fetching Gurellu...
  Fetching Honge seed...
  Fetching Kuchur - Kusum Seed...
  Fetching Laha...
  Fetching Linseed...
    Saved 12 records for Linseed
  Fetching Mustard...
    Saved 100 records for Mustard
  Fetching Niger Seed(Ramtil)...
    Saved 2 records for Niger Seed(Ramtil)
  Fetching Safflower...
    Saved 4 records for Safflower
  Fetching Sal Seeds...
  Fetching Sesamum(Sesame,Gingelly,Til)...
    Saved 40 records for Sesamum(Sesame,Gingelly,Til)
  Fetching Soha...
  Fetching Soyabean...
    Saved 100 records for Soyabean
  Fetching Sunflower...
    Saved 4 records for Sunflower
  Fetching Sunflower Seed...
    Saved 1 records for Sunflower Seed
  Fetching Suva(Dill Seed)...
    Saved 3 records for Suva(Dill Seed)
  Fetching Taramira...
    Saved 5 records for Taramira
  Fetching Toria...
    Saved 2 records for Toria
Processing Group: Oils and Fats (8 items)
  Fetching Butter...
  Fetching Castor Oil...
  Fetching Coconut Oil...
    Saved 5 records for Coconut Oil
  Fetching Dalda...
  Fetching Ghee...
  Fetching Gingelly Oil...
  Fetching Ground Nut Oil...
  Fetching Mustard Oil...
    Saved 5 records for Mustard Oil
Processing Group: Pulses (38 items)
  Fetching Alasande Gram...
    Saved 2 records for Alasande Gram
  Fetching Arhar Dal(Tur Dal)...
    Saved 10 records for Arhar Dal(Tur Dal)
  Fetching Arhar(Tur/Red Gram)(Whole)...
    Saved 100 records for Arhar(Tur/Red Gram)(Whole)
  Fetching Avare Dal...
    Saved 1 records for Avare Dal
  Fetching Beans...
    Saved 100 records for Beans
  Fetching Bengal Gram Dal(Chana Dal)...
    Saved 4 records for Bengal Gram Dal(Chana Dal)
  Fetching Bengal Gram(Gram)(Whole)...
    Saved 100 records for Bengal Gram(Gram)(Whole)
  Fetching Big Gram...
    Saved 2 records for Big Gram
  Fetching Black Gram Dal(Urd Dal)...
    Saved 6 records for Black Gram Dal(Urd Dal)
  Fetching Black Gram(Urd Beans)(Whole)...
    Saved 91 records for Black Gram(Urd Beans)(Whole)
  Fetching Bullar...
    Saved 2 records for Bullar
  Fetching Chennangi Dal...
  Fetching Chennangi(Whole)...
  Fetching Cowpea(Lobia/Karamani)...
    Saved 7 records for Cowpea(Lobia/Karamani)
  Fetching Dal(Avare)...
  Fetching Field Gram...
  Fetching Green Gram Dal(Moong Dal)...
    Saved 9 records for Green Gram Dal(Moong Dal)
  Fetching Green Gram(Moong)(Whole)...
    Saved 65 records for Green Gram(Moong)(Whole)
  Fetching Green Peas...
    Saved 100 records for Green Peas
  Fetching Guar Seed(Cluster Beans Seed)...
    Saved 34 records for Guar Seed(Cluster Beans Seed)
  Fetching Kabuli Chana(Chickpeas-White)...
    Saved 32 records for Kabuli Chana(Chickpeas-White)
  Fetching Karamani...
  Fetching Kidney Beans(Rajma)...
  Fetching Kulthi(Horse Gram)...
    Saved 8 records for Kulthi(Horse Gram)
  Fetching Lak(Teora)...
    Saved 11 records for Lak(Teora)
  Fetching Lentil(Masur)(Whole)...
    Saved 78 records for Lentil(Masur)(Whole)
  Fetching Masur Dal...
    Saved 12 records for Masur Dal
  Fetching Mataki...
    Saved 3 records for Mataki
  Fetching Moath Dal...
    Saved 8 records for Moath Dal
  Fetching Other Pulses...
  Fetching Peas(Dry)...
    Saved 4 records for Peas(Dry)
  Fetching Red Gram...
    Saved 8 records for Red Gram
  Fetching Rice Bean...
  Fetching Tevada...
  Fetching Thinai(Italian Millet)...
  Fetching White Peas...
    Saved 5 records for White Peas
  Fetching Wild Bean / Pod...
  Fetching buttery...
    Saved 18 records for buttery
Processing Group: Spices (31 items)
  Fetching Ajwan...
    Saved 5 records for Ajwan
  Fetching Asgand...
    Saved 2 records for Asgand
  Fetching Betelnuts...
  Fetching Black pepper...
    Saved 17 records for Black pepper
  Fetching Cardamoms...
    Saved 1 records for Cardamoms
  Fetching Chili Red...
    Saved 15 records for Chili Red
  Fetching Cinamon(Dalchini)...
    Saved 1 records for Cinamon(Dalchini)
  Fetching Cloves...
  Fetching Coca...
  Fetching Coconut...
    Saved 100 records for Coconut
  Fetching Corriander seed...
    Saved 34 records for Corriander seed
  Fetching Cummin Seed(Jeera)...
    Saved 35 records for Cummin Seed(Jeera)
  Fetching Dry Chillies...
    Saved 23 records for Dry Chillies
  Fetching Ginger Seed...
  Fetching Ginger(Dry)...
    Saved 9 records for Ginger(Dry)
  Fetching Kacholam...
  Fetching Large Cardamom...
  Fetching Mace...
  Fetching Methi Seeds...
    Saved 17 records for Methi Seeds
  Fetching Muskmelon Seeds...
  Fetching Nutmeg...
  Fetching Pepper garbled...
    Saved 1 records for Pepper garbled
  Fetching Pepper ungarbled...
  Fetching Rayee...
    Saved 1 records for Rayee
  Fetching Saffron...
  Fetching Soanf...
    Saved 12 records for Soanf
  Fetching Turmeric...
    Saved 13 records for Turmeric
  Fetching dried mango...
  Fetching mango powder...
  Fetching nigella...
    Saved 2 records for nigella
  Fetching poppy seeds...
    Saved 3 records for poppy seeds
Processing Group: Vegetables (128 items)
  Fetching Aloe Vera...
  Fetching Alsandikai...
    Saved 2 records for Alsandikai
  Fetching Amaranthus...
    Saved 100 records for Amaranthus
  Fetching Ambat Chuka...
  Fetching Amranthas Red...
    Saved 4 records for Amranthas Red
  Fetching Arrowroot...
  Fetching Ashgourd...
    Saved 100 records for Ashgourd
  Fetching Baby Corn...
  Fetching Bajji chilli...
  Fetching Balekai...
  Fetching Bamboo Shoot...
  Fetching Banana - Green...
    Saved 100 records for Banana - Green
  Fetching Banana Leaf...
  Fetching Banana flower...
  Fetching Banana stem...
  Fetching Beetroot...
    Saved 100 records for Beetroot
  Fetching Bhindi(Ladies Finger)...
    Saved 100 records for Bhindi(Ladies Finger)
  Fetching Binoula...
  Fetching Bitter gourd...
    Saved 100 records for Bitter gourd
  Fetching Bottle gourd...
    Saved 100 records for Bottle gourd
  Fetching Brinjal...
    Saved 100 records for Brinjal
  Fetching Brocoli...
  Fetching Cabbage...
    Saved 100 records for Cabbage
  Fetching Capsicum...
    Saved 100 records for Capsicum
  Fetching Carrot...
    Saved 100 records for Carrot
  Fetching Cauliflower...
    Saved 100 records for Cauliflower
  Fetching Chapparad Avare...
    Saved 1 records for Chapparad Avare
  Fetching Chhappan Kaddu...
  Fetching Chilly Capsicum...
    Saved 22 records for Chilly Capsicum
  Fetching Chow Chow...
    Saved 100 records for Chow Chow
  Fetching Cluster beans...
    Saved 100 records for Cluster beans
  Fetching Colacasia...
    Saved 100 records for Colacasia
  Fetching Coriander(Leaves)...
    Saved 100 records for Coriander(Leaves)
  Fetching Cowpea(Veg)...
    Saved 100 records for Cowpea(Veg)
  Fetching Cucumbar(Kheera)...
    Saved 100 records for Cucumbar(Kheera)
  Fetching Curry Leaf...
  Fetching Double Beans...
  Fetching Drumstick...
    Saved 100 records for Drumstick
  Fetching Duster Beans...
    Saved 3 records for Duster Beans
  Fetching Elephant Yam(Suran)/Amorphophallus...
    Saved 100 records for Elephant Yam(Suran)/Amorphophallus
  Fetching Field Bean(Anumulu)...
  Fetching Field Pea...
    Saved 20 records for Field Pea
  Fetching French Beans(Frasbean)...
    Saved 57 records for French Beans(Frasbean)
  Fetching Galgal(Lemon)...
  Fetching Garlic...
    Saved 100 records for Garlic
  Fetching Gherkin...
  Fetching Ghost Pepper(King Chilli)...
  Fetching Ginger(Green)...
    Saved 100 records for Ginger(Green)
  Fetching Goosefoot...
  Fetching Gram Raw(Chholia)...
    Saved 2 records for Gram Raw(Chholia)
  Fetching Green Avare(W)...
    Saved 100 records for Green Avare(W)
  Fetching Green Chilli...
    Saved 100 records for Green Chilli
  Fetching Groundnut pods(raw)...
    Saved 1 records for Groundnut pods(raw)
  Fetching Guar...
    Saved 47 records for Guar
  Fetching Indian Beans(Seam)...
    Saved 93 records for Indian Beans(Seam)
  Fetching Indian Colza(Sarson)...
    Saved 6 records for Indian Colza(Sarson)
  Fetching Jackfruit Seed...
  Fetching Jamamkhan...
  Fetching Kartali(Kantola)...
  Fetching Knool Khol...
    Saved 97 records for Knool Khol
  Fetching Ladies Finger...
    Saved 8 records for Ladies Finger
  Fetching Leafy Vegetable...
    Saved 10 records for Leafy Vegetable
  Fetching Leek...
  Fetching Lemon...
    Saved 100 records for Lemon
  Fetching Lesser Yam...
  Fetching Little gourd(Kundru)...
    Saved 33 records for Little gourd(Kundru)
  Fetching Long Melon(Kakri)...
    Saved 9 records for Long Melon(Kakri)
  Fetching Lotus Sticks...
    Saved 1 records for Lotus Sticks
  Fetching Mango(Raw-Ripe)...
    Saved 100 records for Mango(Raw-Ripe)
  Fetching Mashrooms...
    Saved 58 records for Mashrooms
  Fetching Meal Maker (Soya Chunks)...
  Fetching Methi(Leaves)...
    Saved 69 records for Methi(Leaves)
  Fetching Mint(Pudina)...
    Saved 100 records for Mint(Pudina)
  Fetching Onion...
    Saved 100 records for Onion
  Fetching Onion Green...
    Saved 100 records for Onion Green
  Fetching Other green and fresh vegetables...
    Saved 2 records for Other green and fresh vegetables
  Fetching Papaya(Raw)...
    Saved 15 records for Papaya(Raw)
  Fetching Peas Wet...
    Saved 100 records for Peas Wet
  Fetching Peas cod...
    Saved 36 records for Peas cod
  Fetching Pegeon Pea(Arhar Fali)...
    Saved 4 records for Pegeon Pea(Arhar Fali)
  Fetching Perandai...
  Fetching Phuee(Leafy Veg)...
  Fetching Pointed gourd(Parval)...
    Saved 6 records for Pointed gourd(Parval)
  Fetching Pokcha Leafy Veg...
  Fetching Potato...
    Saved 100 records for Potato
  Fetching Pumpkin...
    Saved 100 records for Pumpkin
  Fetching Purslane...
  Fetching Raddish...
    Saved 100 records for Raddish
  Fetching Rat Tail Radish(Mogari)...
    Saved 2 records for Rat Tail Radish(Mogari)
  Fetching Red Cabbage...
  Fetching Red Gourd...
  Fetching Ribbed Celery...
  Fetching Ridge Gourd(Permal/Hybrid Gourd)...
  Fetching Ridgeguard(Tori)...
    Saved 100 records for Ridgeguard(Tori)
  Fetching Round Chilli...
  Fetching Round gourd...
    Saved 2 records for Round gourd
  Fetching Season Leaves...
    Saved 3 records for Season Leaves
  Fetching Seemebadnekai...
    Saved 5 records for Seemebadnekai
  Fetching Sem...
    Saved 1 records for Sem
  Fetching Siru Kizhagu...
  Fetching Snakeguard...
    Saved 100 records for Snakeguard
  Fetching Snow Mountain Garlic...
    Saved 1 records for Snow Mountain Garlic
  Fetching Spinach...
    Saved 100 records for Spinach
  Fetching Sponge gourd...
    Saved 13 records for Sponge gourd
  Fetching Squash(Chappal Kadoo)...
    Saved 13 records for Squash(Chappal Kadoo)
  Fetching Sugar Snap Peas...
  Fetching Sundaikai...
  Fetching Surat Beans(Papadi)...
    Saved 4 records for Surat Beans(Papadi)
  Fetching Suvarna Gadde...
    Saved 3 records for Suvarna Gadde
  Fetching Swan Phali(Flat Bean)...
  Fetching Sweet Potato...
    Saved 100 records for Sweet Potato
  Fetching Sweet Pumpkin...
    Saved 34 records for Sweet Pumpkin
  Fetching Sweet Saag...
    Saved 1 records for Sweet Saag
  Fetching Tapioca...
    Saved 100 records for Tapioca
  Fetching Taro (Arvi) Leaves...
  Fetching Taro (Arvi) Stem...
    Saved 1 records for Taro (Arvi) Stem
  Fetching Thogrikai...
  Fetching Thondekai...
    Saved 98 records for Thondekai
  Fetching Tinda...
    Saved 16 records for Tinda
  Fetching Tomato...
    Saved 100 records for Tomato
  Fetching Turmeric(raw)...
    Saved 6 records for Turmeric(raw)
  Fetching Turnip...
    Saved 42 records for Turnip
  Fetching White Pumpkin...
    Saved 1 records for White Pumpkin
  Fetching Wild Cucumber...
  Fetching Wild Garlic / Shoots...
  Fetching Wild Spinach...
  Fetching Yam Bean / Mexican Turnip(Bankla)...
  Fetching Yam(Ratalu)...
    Saved 100 records for Yam(Ratalu)
Processing Group: Others (52 items)
  Fetching Ajwain Husk...
  Fetching Bran...
  Fetching Broken Rice...
  Fetching Bunch Beans...
    Saved 3 records for Bunch Beans
  Fetching Camel Hair...
  Fetching Cashew Kernnel...
  Fetching Coconut Coir...
  Fetching Dhaincha...
    Saved 2 records for Dhaincha
  Fetching Dry Fodder...
    Saved 2 records for Dry Fodder
  Fetching Egypian Clover(Barseem)...
  Fetching Fig(Anjura/Anjeer)...
    Saved 4 records for Fig(Anjura/Anjeer)
  Fetching Flax seeds...
  Fetching Goat Hair...
  Fetching Gramflour...
  Fetching Green Fodder...
    Saved 2 records for Green Fodder
  Fetching Gur(Jaggery)...
    Saved 26 records for Gur(Jaggery)
  Fetching Haralekai...
  Fetching Hilsa...
  Fetching Honey...
  Fetching Jaggery...
    Saved 10 records for Jaggery
  Fetching Javi...
  Fetching Kharif Mash...
  Fetching Khoya...
  Fetching Kuchur...
  Fetching Ma.Inji...
  Fetching Mahedi...
    Saved 1 records for Mahedi
  Fetching Maida Atta...
    Saved 1 records for Maida Atta
  Fetching Maragensu...
  Fetching Mash...
  Fetching Millets...
    Saved 1 records for Millets
  Fetching Nargasi...
  Fetching Polherb...
  Fetching Pundi...
  Fetching Rajgir...
    Saved 6 records for Rajgir
  Fetching Raw Biomass(Agro Residue)...
  Fetching Raya...
  Fetching Riccbcan...
  Fetching Rubber...
    Saved 4 records for Rubber
  Fetching Sabu Dan...
    Saved 1 records for Sabu Dan
  Fetching Sarasum...
  Fetching Seegu...
  Fetching Skin And Hide...
  Fetching Sompu...
  Fetching Sugar...
    Saved 4 records for Sugar
  Fetching Sugarcane...
  Fetching Suram...
  Fetching Tulasi...
  Fetching Water Plant(Kaseru)...
  Fetching Water chestnut...
    Saved 1 records for Water chestnut
  Fetching Wheat Atta...
    Saved 1 records for Wheat Atta
  Fetching Wool...
  Fetching Yam...
Finished fetch for 2026-02-13
  [eNAM] Starting...
Fetching eNAM data for 2026-02-13...
Fetched 2175 records from eNAM.
Saving raw eNAM data to database...
Finished saving eNAM data for 2026-02-13.
  [Normalization] Starting...
[Normalizer] Starting Incremental Processing for 2026-02-13...
[Normalizer] Processing 11107 fresh records (8932 Agmark, 2175 eNAM)
[uuiq_helper] Generating new UUID for: BANANA POOVAN
[uuiq_helper] Saved new commodity BANANA POOVAN as VAAR846
[uuiq_helper] Generating new UUID for: BANANA RASAKADHALI
[uuiq_helper] Saved new commodity BANANA RASAKADHALI as VAAR847
[uuiq_helper] Generating new UUID for: ARHAR DAL SPLIT
[uuiq_helper] Saved new commodity ARHAR DAL SPLIT as VAAR848
[Normalizer] Completed for 2026-02-13. Processed: 9885/11107 (89.0% yield)
--- Finished Date: 2026-02-13 ---

=== Processing Date: 2026-02-14 ===
  [Agmark] Starting (Attempt 1)...
Starting fetch for 2026-02-14...
Processing Group: Beverages (4 items)
  Fetching Cocoa...
  Fetching Coffee...
    Saved 1 records for Coffee
  Fetching Green Tea...
  Fetching Tea...
Processing Group: Cereals (26 items)
  Fetching Bajra(Pearl Millet/Cumbu)...
    Saved 66 records for Bajra(Pearl Millet/Cumbu)
  Fetching Barley(Jau)...
    Saved 6 records for Barley(Jau)
  Fetching Barnyard Millet...
  Fetching Beaten Rice...
    Saved 1 records for Beaten Rice
  Fetching Browntop Millet...
  Fetching Chakhao(Black Rice)...
  Fetching Foxtail Millet(Navane)...
  Fetching Hybrid Cumbu...
  Fetching Jaee...
  Fetching Jowar(Sorghum)...
    Saved 37 records for Jowar(Sorghum)
  Fetching Kodo Millet(Varagu)...
    Saved 2 records for Kodo Millet(Varagu)
  Fetching Kutki...
    Saved 4 records for Kutki
  Fetching Little Millet ...
  Fetching Maize...
    Saved 100 records for Maize
  Fetching Paddy(Basmati)...
    Saved 5 records for Paddy(Basmati)
  Fetching Paddy(Common)...
    Saved 100 records for Paddy(Common)
  Fetching Proso Millet...
  Fetching Ragi(Finger Millet)...
    Saved 2 records for Ragi(Finger Millet)
  Fetching Rala...
  Fetching Rice...
    Saved 72 records for Rice
  Fetching Sajje...
  Fetching Same/Savi...
  Fetching Soji...
  Fetching Sweet Corn ...
  Fetching T.V. Cumbu...
  Fetching Wheat...
    Saved 100 records for Wheat
Processing Group: Drug and Narcotics (37 items)
  Fetching Arecanut(Betelnut/Supari)...
    Saved 16 records for Arecanut(Betelnut/Supari)
  Fetching Asalia...
  Fetching Ashoka...
  Fetching Ashwagandha...
  Fetching Asparagus...
  Fetching Atis...
  Fetching Betal Leaves...
    Saved 16 records for Betal Leaves
  Fetching Chandrashoor...
  Fetching Coleus...
  Fetching Isabgul(Psyllium)...
    Saved 5 records for Isabgul(Psyllium)
  Fetching Isbgol...
  Fetching Lemongrass...
  Fetching Mahua...
    Saved 1 records for Mahua
  Fetching Mentha Oil...
  Fetching Muesli...
  Fetching Muleti...
  Fetching Myrobolan(Harad)...
  Fetching Neem Fruits...
  Fetching Palash flowers...
  Fetching Poppy capsules...
  Fetching Pupadia...
  Fetching Swan Plant (Green Herb)...
  Fetching Tobacco...
  Fetching Vatsanabha...
  Fetching White Muesli...
  Fetching basil...
  Fetching dhawai flowers...
  Fetching karanja seeds...
  Fetching kutki...
  Fetching liquor turmeric...
  Fetching macoy...
  Fetching nigella seeds...
  Fetching pippali...
  Fetching sanay...
  Fetching stevia...
  Fetching stone pulverizer...
  Fetching vadang...
Processing Group: Dry Fruits (8 items)
  Fetching Almond(Badam)...
  Fetching Cashewnuts...
    Saved 1 records for Cashewnuts
  Fetching Dates...
  Fetching Dry Grapes...
  Fetching Fig (Dry)...
  Fetching Pine Nut(Chilgoza /Niyoza)...
  Fetching Pista(Pistachio)...
  Fetching Walnut...
Processing Group: Fibre Crops (5 items)
  Fetching Ambady/Mesta...
  Fetching Cotton...
    Saved 89 records for Cotton
  Fetching Jute...
    Saved 10 records for Jute
  Fetching Lint...
    Saved 1 records for Lint
  Fetching Sunhemp...
    Saved 1 records for Sunhemp
Processing Group: Flowers (58 items)
  Fetching Anthorium...
  Fetching Astera...
  Fetching BOP...
  Fetching Calendula...
  Fetching Carnation...
  Fetching Chrysanthemum...
  Fetching Chrysanthemum(Loose)...
    Saved 1 records for Chrysanthemum(Loose)
  Fetching Clarkia...
  Fetching Cossandra...
  Fetching Daila(Chandni)...
  Fetching Delha...
  Fetching Gamphrena...
  Fetching Gerbera...
  Fetching Gladiolus Bulb...
  Fetching Gladiolus Cut Flower...
  Fetching Glardia...
  Fetching Heliconia species...
  Fetching Irish...
  Fetching Jaffri...
  Fetching Jarbara...
  Fetching Jasmine...
    Saved 5 records for Jasmine
  Fetching Kagda...
  Fetching Kakada...
    Saved 4 records for Kakada
  Fetching Kankambra...
  Fetching Kevda...
  Fetching Lilly...
  Fetching Limonia(status)...
  Fetching Lotus...
  Fetching Lupine...
  Fetching Marget...
  Fetching Marigold(Calcutta)...
    Saved 26 records for Marigold(Calcutta)
  Fetching Marigold(loose)...
  Fetching Marikozhunthu...
  Fetching Nerium...
  Fetching Orchid...
  Fetching Patti Calcutta...
  Fetching Pincushion Flower...
  Fetching Raibel...
  Fetching Rose(Local)...
    Saved 22 records for Rose(Local)
  Fetching Rose(Loose))...
    Saved 1 records for Rose(Loose))
  Fetching Rose(Tata)...
  Fetching Swanflower...
  Fetching Sweet Sultan...
  Fetching Tube Flower...
    Saved 3 records for Tube Flower
  Fetching Tube Rose(Double)...
  Fetching Tube Rose(Loose)...
    Saved 7 records for Tube Rose(Loose)
  Fetching Tube Rose(Single)...
  Fetching balsam...
  Fetching cineraria...
  Fetching dianthus...
  Fetching golden rod...
  Fetching gypsophila...
  Fetching hydrangea...
  Fetching kakatan...
  Fetching salvia...
  Fetching sevanti...
  Fetching sweet william...
  Fetching tulip...
Processing Group: Forest Products (39 items)
  Fetching Absinthe...
  Fetching Ambada Seed...
  Fetching Antawala...
  Fetching Bamboo...
  Fetching Bay leaf(Tejpatta)...
  Fetching Behada...
  Fetching Bhui Amlaya...
  Fetching Brahmi...
  Fetching Broomstick(Flower Broom)...
  Fetching Cane...
  Fetching Chironji...
  Fetching Firewood...
  Fetching Flower Broom...
  Fetching Giloy...
  Fetching Gond...
  Fetching Gudmar...
  Fetching Guggal...
  Fetching Harrah...
    Saved 1 records for Harrah
  Fetching Hippe Seed...
  Fetching Jute Seed...
  Fetching Kalihari...
  Fetching Kalmegh...
  Fetching Kooth...
  Fetching Mahua Seed(Hippe seed)...
  Fetching Neem Seed...
    Saved 1 records for Neem Seed
  Fetching Pundi Seed...
    Saved 1 records for Pundi Seed
  Fetching Ratanjot...
  Fetching Resinwood...
  Fetching Salix-Pursi(Willow)...
  Fetching Sandalwood...
  Fetching Soapnut(Antawala/Retha)...
  Fetching Tamarind Fruit...
    Saved 25 records for Tamarind Fruit
  Fetching Tamarind Seed...
    Saved 3 records for Tamarind Seed
  Fetching Torchwood...
  Fetching Wax...
  Fetching Wood...
    Saved 2 records for Wood
  Fetching gulli...
  Fetching kokum...
  Fetching spikenard...
Processing Group: Fruits (64 items)
  Fetching Amla(Nelli Kai)...
    Saved 89 records for Amla(Nelli Kai)
  Fetching Apple...
    Saved 100 records for Apple
  Fetching Apricot(Jardalu/Khumani)...
  Fetching Avocado...
  Fetching Bael...
  Fetching Banana...
    Saved 100 records for Banana
  Fetching Ber(Zizyphus/Borehannu)...
    Saved 19 records for Ber(Zizyphus/Borehannu)
  Fetching Bilimbi...
  Fetching Black Currant...
  Fetching Blueberry...
  Fetching Borehannu...
  Fetching Bread Fruit...
  Fetching Carissa(Karvand)...
  Fetching Chakotha...
  Fetching Cherry...
  Fetching Chikoos(Sapota)...
    Saved 100 records for Chikoos(Sapota)
  Fetching Custard Apple(Sharifa)...
    Saved 12 records for Custard Apple(Sharifa)
  Fetching Dragon fruit...
  Fetching Garcinia...
  Fetching Goose berry(Nellikkai)...
  Fetching Grapes...
    Saved 80 records for Grapes
  Fetching Grey Fruit...
  Fetching Guava...
    Saved 100 records for Guava
  Fetching Hog Plum...
  Fetching Indian Sherbet Berry(Phalsa)...
  Fetching Jack Fruit...
    Saved 8 records for Jack Fruit
  Fetching Jamun(Narale Hannu)...
  Fetching Karbuja(Musk Melon)...
    Saved 24 records for Karbuja(Musk Melon)
  Fetching Khirni...
  Fetching Kinnow...
    Saved 39 records for Kinnow
  Fetching Kiwi Fruit...
    Saved 1 records for Kiwi Fruit
  Fetching Lime...
    Saved 73 records for Lime
  Fetching Litchi...
  Fetching Lukad...
  Fetching Mango...
    Saved 1 records for Mango
  Fetching Mangosteen...
  Fetching Marasebu...
  Fetching Mousambi(Sweet Lime)...
    Saved 57 records for Mousambi(Sweet Lime)
  Fetching Mulberry...
  Fetching Nearle Hannu...
  Fetching Nelli Kai...
  Fetching Orange...
    Saved 67 records for Orange
  Fetching Papaya...
    Saved 100 records for Papaya
  Fetching Passion Fruit...
  Fetching Peach...
  Fetching Pear(Marasebu)...
    Saved 2 records for Pear(Marasebu)
  Fetching Persimon(Japani Fal)...
  Fetching Pineapple...
    Saved 47 records for Pineapple
  Fetching Plum...
  Fetching Pomegranate...
    Saved 76 records for Pomegranate
  Fetching Quince(Nakh)...
  Fetching Rambutan...
  Fetching Ramphal...
  Fetching Seetapal...
    Saved 2 records for Seetapal
  Fetching Siddota...
  Fetching Soursop...
  Fetching Star Fruit(Kamraikh)...
  Fetching Strawberry...
    Saved 1 records for Strawberry
  Fetching Tender Coconut...
    Saved 76 records for Tender Coconut
  Fetching Water Apple...
  Fetching Water Melon...
    Saved 47 records for Water Melon
  Fetching Wild Melon...
  Fetching Wild lemon...
  Fetching Wood Apple...
Processing Group: Live Stock,Poultry,Fisheries (21 items)
  Fetching Bull...
  Fetching Calf...
  Fetching Cock...
  Fetching Cow...
  Fetching Crab...
  Fetching Dry Fish...
  Fetching Duck...
  Fetching Egg...
  Fetching Fish...
    Saved 4 records for Fish
  Fetching Goat...
  Fetching He Buffalo...
  Fetching Hen...
  Fetching Ox...
  Fetching Pigs...
  Fetching Prawn...
  Fetching Ram...
  Fetching She Buffalo...
  Fetching She Goat...
  Fetching Sheep...
  Fetching Shrimp...
  Fetching Silk Cocoon...
Processing Group: Oil Seeds (24 items)
  Fetching Castor Seed...
    Saved 44 records for Castor Seed
  Fetching Coconut Seed...
    Saved 1 records for Coconut Seed
  Fetching Copra...
    Saved 5 records for Copra
  Fetching Cotton Seed...
    Saved 1 records for Cotton Seed
  Fetching Ground Nut Seed...
    Saved 6 records for Ground Nut Seed
  Fetching Groundnut...
    Saved 88 records for Groundnut
  Fetching Groundnut(Split)...
    Saved 3 records for Groundnut(Split)
  Fetching Gurellu...
  Fetching Honge seed...
  Fetching Kuchur - Kusum Seed...
  Fetching Laha...
  Fetching Linseed...
    Saved 1 records for Linseed
  Fetching Mustard...
    Saved 100 records for Mustard
  Fetching Niger Seed(Ramtil)...
  Fetching Safflower...
    Saved 3 records for Safflower
  Fetching Sal Seeds...
  Fetching Sesamum(Sesame,Gingelly,Til)...
    Saved 23 records for Sesamum(Sesame,Gingelly,Til)
  Fetching Soha...
  Fetching Soyabean...
    Saved 100 records for Soyabean
  Fetching Sunflower...
    Saved 3 records for Sunflower
  Fetching Sunflower Seed...
  Fetching Suva(Dill Seed)...
    Saved 2 records for Suva(Dill Seed)
  Fetching Taramira...
    Saved 1 records for Taramira
  Fetching Toria...
Processing Group: Oils and Fats (8 items)
  Fetching Butter...
  Fetching Castor Oil...
  Fetching Coconut Oil...
    Saved 5 records for Coconut Oil
  Fetching Dalda...
  Fetching Ghee...
  Fetching Gingelly Oil...
  Fetching Ground Nut Oil...
  Fetching Mustard Oil...
    Saved 8 records for Mustard Oil
Processing Group: Pulses (38 items)
  Fetching Alasande Gram...
    Saved 1 records for Alasande Gram
  Fetching Arhar Dal(Tur Dal)...
    Saved 8 records for Arhar Dal(Tur Dal)
  Fetching Arhar(Tur/Red Gram)(Whole)...
    Saved 100 records for Arhar(Tur/Red Gram)(Whole)
  Fetching Avare Dal...
  Fetching Beans...
    Saved 100 records for Beans
  Fetching Bengal Gram Dal(Chana Dal)...
    Saved 2 records for Bengal Gram Dal(Chana Dal)
  Fetching Bengal Gram(Gram)(Whole)...
    Saved 95 records for Bengal Gram(Gram)(Whole)
  Fetching Big Gram...
  Fetching Black Gram Dal(Urd Dal)...
    Saved 2 records for Black Gram Dal(Urd Dal)
  Fetching Black Gram(Urd Beans)(Whole)...
    Saved 42 records for Black Gram(Urd Beans)(Whole)
  Fetching Bullar...
    Saved 1 records for Bullar
  Fetching Chennangi Dal...
  Fetching Chennangi(Whole)...
  Fetching Cowpea(Lobia/Karamani)...
    Saved 6 records for Cowpea(Lobia/Karamani)
  Fetching Dal(Avare)...
  Fetching Field Gram...
  Fetching Green Gram Dal(Moong Dal)...
    Saved 5 records for Green Gram Dal(Moong Dal)
  Fetching Green Gram(Moong)(Whole)...
    Saved 33 records for Green Gram(Moong)(Whole)
  Fetching Green Peas...
    Saved 82 records for Green Peas
  Fetching Guar Seed(Cluster Beans Seed)...
    Saved 16 records for Guar Seed(Cluster Beans Seed)
  Fetching Kabuli Chana(Chickpeas-White)...
    Saved 7 records for Kabuli Chana(Chickpeas-White)
  Fetching Karamani...
  Fetching Kidney Beans(Rajma)...
  Fetching Kulthi(Horse Gram)...
    Saved 6 records for Kulthi(Horse Gram)
  Fetching Lak(Teora)...
    Saved 1 records for Lak(Teora)
  Fetching Lentil(Masur)(Whole)...
    Saved 15 records for Lentil(Masur)(Whole)
  Fetching Masur Dal...
    Saved 8 records for Masur Dal
  Fetching Mataki...
    Saved 2 records for Mataki
  Fetching Moath Dal...
    Saved 4 records for Moath Dal
  Fetching Other Pulses...
    Saved 1 records for Other Pulses
  Fetching Peas(Dry)...
    Saved 3 records for Peas(Dry)
  Fetching Red Gram...
    Saved 5 records for Red Gram
  Fetching Rice Bean...
  Fetching Tevada...
  Fetching Thinai(Italian Millet)...
  Fetching White Peas...
  Fetching Wild Bean / Pod...
  Fetching buttery...
    Saved 1 records for buttery
Processing Group: Spices (31 items)
  Fetching Ajwan...
    Saved 3 records for Ajwan
  Fetching Asgand...
  Fetching Betelnuts...
    Saved 1 records for Betelnuts
  Fetching Black pepper...
    Saved 8 records for Black pepper
  Fetching Cardamoms...
  Fetching Chili Red...
    Saved 17 records for Chili Red
  Fetching Cinamon(Dalchini)...
  Fetching Cloves...
  Fetching Coca...
  Fetching Coconut...
    Saved 100 records for Coconut
  Fetching Corriander seed...
    Saved 32 records for Corriander seed
  Fetching Cummin Seed(Jeera)...
    Saved 24 records for Cummin Seed(Jeera)
  Fetching Dry Chillies...
    Saved 8 records for Dry Chillies
  Fetching Ginger Seed...
  Fetching Ginger(Dry)...
    Saved 8 records for Ginger(Dry)
  Fetching Kacholam...
  Fetching Large Cardamom...
  Fetching Mace...
  Fetching Methi Seeds...
    Saved 7 records for Methi Seeds
  Fetching Muskmelon Seeds...
  Fetching Nutmeg...
  Fetching Pepper garbled...
    Saved 1 records for Pepper garbled
  Fetching Pepper ungarbled...
    Saved 1 records for Pepper ungarbled
  Fetching Rayee...
  Fetching Saffron...
  Fetching Soanf...
    Saved 6 records for Soanf
  Fetching Turmeric...
    Saved 4 records for Turmeric
  Fetching dried mango...
  Fetching mango powder...
  Fetching nigella...
  Fetching poppy seeds...
Processing Group: Vegetables (128 items)
  Fetching Aloe Vera...
  Fetching Alsandikai...
    Saved 1 records for Alsandikai
  Fetching Amaranthus...
    Saved 100 records for Amaranthus
  Fetching Ambat Chuka...
  Fetching Amranthas Red...
    Saved 3 records for Amranthas Red
  Fetching Arrowroot...
  Fetching Ashgourd...
    Saved 100 records for Ashgourd
  Fetching Baby Corn...
  Fetching Bajji chilli...
  Fetching Balekai...
  Fetching Bamboo Shoot...
  Fetching Banana - Green...
    Saved 100 records for Banana - Green
  Fetching Banana Leaf...
  Fetching Banana flower...
  Fetching Banana stem...
  Fetching Beetroot...
    Saved 100 records for Beetroot
  Fetching Bhindi(Ladies Finger)...
    Saved 100 records for Bhindi(Ladies Finger)
  Fetching Binoula...
  Fetching Bitter gourd...
    Saved 100 records for Bitter gourd
  Fetching Bottle gourd...
    Saved 100 records for Bottle gourd
  Fetching Brinjal...
    Saved 100 records for Brinjal
  Fetching Brocoli...
  Fetching Cabbage...
    Saved 100 records for Cabbage
  Fetching Capsicum...
    Saved 100 records for Capsicum
  Fetching Carrot...
    Saved 100 records for Carrot
  Fetching Cauliflower...
    Saved 100 records for Cauliflower
  Fetching Chapparad Avare...
  Fetching Chhappan Kaddu...
  Fetching Chilly Capsicum...
    Saved 17 records for Chilly Capsicum
  Fetching Chow Chow...
    Saved 100 records for Chow Chow
  Fetching Cluster beans...
    Saved 100 records for Cluster beans
  Fetching Colacasia...
    Saved 93 records for Colacasia
  Fetching Coriander(Leaves)...
    Saved 100 records for Coriander(Leaves)
  Fetching Cowpea(Veg)...
    Saved 100 records for Cowpea(Veg)
  Fetching Cucumbar(Kheera)...
    Saved 100 records for Cucumbar(Kheera)
  Fetching Curry Leaf...
  Fetching Double Beans...
  Fetching Drumstick...
    Saved 100 records for Drumstick
  Fetching Duster Beans...
    Saved 2 records for Duster Beans
  Fetching Elephant Yam(Suran)/Amorphophallus...
    Saved 100 records for Elephant Yam(Suran)/Amorphophallus
  Fetching Field Bean(Anumulu)...
  Fetching Field Pea...
    Saved 10 records for Field Pea
  Fetching French Beans(Frasbean)...
    Saved 35 records for French Beans(Frasbean)
  Fetching Galgal(Lemon)...
    Saved 1 records for Galgal(Lemon)
  Fetching Garlic...
    Saved 100 records for Garlic
  Fetching Gherkin...
  Fetching Ghost Pepper(King Chilli)...
  Fetching Ginger(Green)...
    Saved 100 records for Ginger(Green)
  Fetching Goosefoot...
  Fetching Gram Raw(Chholia)...
    Saved 1 records for Gram Raw(Chholia)
  Fetching Green Avare(W)...
    Saved 100 records for Green Avare(W)
  Fetching Green Chilli...
    Saved 100 records for Green Chilli
  Fetching Groundnut pods(raw)...
    Saved 1 records for Groundnut pods(raw)
  Fetching Guar...
    Saved 34 records for Guar
  Fetching Indian Beans(Seam)...
    Saved 80 records for Indian Beans(Seam)
  Fetching Indian Colza(Sarson)...
    Saved 4 records for Indian Colza(Sarson)
  Fetching Jackfruit Seed...
  Fetching Jamamkhan...
  Fetching Kartali(Kantola)...
  Fetching Knool Khol...
    Saved 94 records for Knool Khol
  Fetching Ladies Finger...
    Saved 1 records for Ladies Finger
  Fetching Leafy Vegetable...
    Saved 3 records for Leafy Vegetable
  Fetching Leek...
  Fetching Lemon...
    Saved 100 records for Lemon
  Fetching Lesser Yam...
  Fetching Little gourd(Kundru)...
    Saved 23 records for Little gourd(Kundru)
  Fetching Long Melon(Kakri)...
    Saved 7 records for Long Melon(Kakri)
  Fetching Lotus Sticks...
  Fetching Mango(Raw-Ripe)...
    Saved 100 records for Mango(Raw-Ripe)
  Fetching Mashrooms...
    Saved 51 records for Mashrooms
  Fetching Meal Maker (Soya Chunks)...
  Fetching Methi(Leaves)...
    Saved 38 records for Methi(Leaves)
  Fetching Mint(Pudina)...
    Saved 100 records for Mint(Pudina)
  Fetching Onion...
    Saved 100 records for Onion
  Fetching Onion Green...
    Saved 100 records for Onion Green
  Fetching Other green and fresh vegetables...
    Saved 3 records for Other green and fresh vegetables
  Fetching Papaya(Raw)...
    Saved 10 records for Papaya(Raw)
  Fetching Peas Wet...
    Saved 63 records for Peas Wet
  Fetching Peas cod...
    Saved 17 records for Peas cod
  Fetching Pegeon Pea(Arhar Fali)...
    Saved 5 records for Pegeon Pea(Arhar Fali)
  Fetching Perandai...
  Fetching Phuee(Leafy Veg)...
  Fetching Pointed gourd(Parval)...
    Saved 4 records for Pointed gourd(Parval)
  Fetching Pokcha Leafy Veg...
  Fetching Potato...
    Saved 100 records for Potato
  Fetching Pumpkin...
    Saved 100 records for Pumpkin
  Fetching Purslane...
  Fetching Raddish...
    Saved 100 records for Raddish
  Fetching Rat Tail Radish(Mogari)...
    Saved 1 records for Rat Tail Radish(Mogari)
  Fetching Red Cabbage...
  Fetching Red Gourd...
  Fetching Ribbed Celery...
  Fetching Ridge Gourd(Permal/Hybrid Gourd)...
  Fetching Ridgeguard(Tori)...
    Saved 100 records for Ridgeguard(Tori)
  Fetching Round Chilli...
  Fetching Round gourd...
    Saved 1 records for Round gourd
  Fetching Season Leaves...
    Saved 1 records for Season Leaves
  Fetching Seemebadnekai...
    Saved 1 records for Seemebadnekai
  Fetching Sem...
  Fetching Siru Kizhagu...
  Fetching Snakeguard...
    Saved 100 records for Snakeguard
  Fetching Snow Mountain Garlic...
  Fetching Spinach...
    Saved 57 records for Spinach
  Fetching Sponge gourd...
    Saved 5 records for Sponge gourd
  Fetching Squash(Chappal Kadoo)...
    Saved 11 records for Squash(Chappal Kadoo)
  Fetching Sugar Snap Peas...
  Fetching Sundaikai...
  Fetching Surat Beans(Papadi)...
    Saved 3 records for Surat Beans(Papadi)
  Fetching Suvarna Gadde...
  Fetching Swan Phali(Flat Bean)...
  Fetching Sweet Potato...
    Saved 100 records for Sweet Potato
  Fetching Sweet Pumpkin...
    Saved 21 records for Sweet Pumpkin
  Fetching Sweet Saag...
  Fetching Tapioca...
    Saved 100 records for Tapioca
  Fetching Taro (Arvi) Leaves...
  Fetching Taro (Arvi) Stem...
    Saved 2 records for Taro (Arvi) Stem
  Fetching Thogrikai...
  Fetching Thondekai...
    Saved 96 records for Thondekai
  Fetching Tinda...
    Saved 6 records for Tinda
  Fetching Tomato...
    Saved 100 records for Tomato
  Fetching Turmeric(raw)...
    Saved 4 records for Turmeric(raw)
  Fetching Turnip...
    Saved 28 records for Turnip
  Fetching White Pumpkin...
  Fetching Wild Cucumber...
  Fetching Wild Garlic / Shoots...
  Fetching Wild Spinach...
  Fetching Yam Bean / Mexican Turnip(Bankla)...
  Fetching Yam(Ratalu)...
    Saved 100 records for Yam(Ratalu)
Processing Group: Others (52 items)
  Fetching Ajwain Husk...
  Fetching Bran...
  Fetching Broken Rice...
  Fetching Bunch Beans...
  Fetching Camel Hair...
  Fetching Cashew Kernnel...
  Fetching Coconut Coir...
  Fetching Dhaincha...
    Saved 2 records for Dhaincha
  Fetching Dry Fodder...
    Saved 2 records for Dry Fodder
  Fetching Egypian Clover(Barseem)...
  Fetching Fig(Anjura/Anjeer)...
    Saved 3 records for Fig(Anjura/Anjeer)
  Fetching Flax seeds...
  Fetching Goat Hair...
  Fetching Gramflour...
  Fetching Green Fodder...
    Saved 2 records for Green Fodder
  Fetching Gur(Jaggery)...
    Saved 12 records for Gur(Jaggery)
  Fetching Haralekai...
  Fetching Hilsa...
  Fetching Honey...
  Fetching Jaggery...
    Saved 4 records for Jaggery
  Fetching Javi...
  Fetching Kharif Mash...
  Fetching Khoya...
  Fetching Kuchur...
  Fetching Ma.Inji...
  Fetching Mahedi...
    Saved 1 records for Mahedi
  Fetching Maida Atta...
    Saved 1 records for Maida Atta
  Fetching Maragensu...
    Saved 1 records for Maragensu
  Fetching Mash...
  Fetching Millets...
    Saved 1 records for Millets
  Fetching Nargasi...
  Fetching Polherb...
  Fetching Pundi...
  Fetching Rajgir...
    Saved 4 records for Rajgir
  Fetching Raw Biomass(Agro Residue)...
  Fetching Raya...
  Fetching Riccbcan...
  Fetching Rubber...
    Saved 2 records for Rubber
  Fetching Sabu Dan...
  Fetching Sarasum...
  Fetching Seegu...
  Fetching Skin And Hide...
  Fetching Sompu...
  Fetching Sugar...
    Saved 1 records for Sugar
  Fetching Sugarcane...
  Fetching Suram...
  Fetching Tulasi...
  Fetching Water Plant(Kaseru)...
  Fetching Water chestnut...
    Saved 1 records for Water chestnut
  Fetching Wheat Atta...
    Saved 1 records for Wheat Atta
  Fetching Wool...
  Fetching Yam...
Finished fetch for 2026-02-14
  [eNAM] Starting...
Fetching eNAM data for 2026-02-14...
Fetched 975 records from eNAM.
Saving raw eNAM data to database...
Finished saving eNAM data for 2026-02-14.
  [Normalization] Starting...
[Normalizer] Starting Incremental Processing for 2026-02-14...
[Normalizer] Processing 8673 fresh records (7698 Agmark, 975 eNAM)
[uuiq_helper] Generating new UUID for: POMEGRANATE - BHAGAWA
[uuiq_helper] Saved new commodity POMEGRANATE - BHAGAWA as VAAR849
[uuiq_helper] Generating new UUID for: MAIZE-COMMON
[uuiq_helper] Saved new commodity MAIZE-COMMON as VAAR850
[Normalizer] Completed for 2026-02-14. Processed: 8163/8673 (94.1% yield)
--- Finished Date: 2026-02-14 ---

=== Processing Date: 2026-02-15 ===
  [Agmark] Starting (Attempt 1)...
Starting fetch for 2026-02-15...
Processing Group: Beverages (4 items)
  Fetching Cocoa...
  Fetching Coffee...
    Saved 1 records for Coffee
  Fetching Green Tea...
  Fetching Tea...
Processing Group: Cereals (26 items)
  Fetching Bajra(Pearl Millet/Cumbu)...
    Saved 7 records for Bajra(Pearl Millet/Cumbu)
  Fetching Barley(Jau)...
  Fetching Barnyard Millet...
  Fetching Beaten Rice...
  Fetching Browntop Millet...
  Fetching Chakhao(Black Rice)...
  Fetching Foxtail Millet(Navane)...
  Fetching Hybrid Cumbu...
  Fetching Jaee...
  Fetching Jowar(Sorghum)...
    Saved 1 records for Jowar(Sorghum)
  Fetching Kodo Millet(Varagu)...
  Fetching Kutki...
    Saved 1 records for Kutki
  Fetching Little Millet ...
  Fetching Maize...
    Saved 68 records for Maize
  Fetching Paddy(Basmati)...
    Saved 2 records for Paddy(Basmati)
  Fetching Paddy(Common)...
    Saved 53 records for Paddy(Common)
  Fetching Proso Millet...
  Fetching Ragi(Finger Millet)...
  Fetching Rala...
  Fetching Rice...
    Saved 54 records for Rice
  Fetching Sajje...
  Fetching Same/Savi...
  Fetching Soji...
  Fetching Sweet Corn ...
  Fetching T.V. Cumbu...
  Fetching Wheat...
    Saved 40 records for Wheat
Processing Group: Drug and Narcotics (37 items)
  Fetching Arecanut(Betelnut/Supari)...
    Saved 5 records for Arecanut(Betelnut/Supari)
  Fetching Asalia...
  Fetching Ashoka...
  Fetching Ashwagandha...
  Fetching Asparagus...
  Fetching Atis...
  Fetching Betal Leaves...
    Saved 17 records for Betal Leaves
  Fetching Chandrashoor...
  Fetching Coleus...
  Fetching Isabgul(Psyllium)...
  Fetching Isbgol...
  Fetching Lemongrass...
  Fetching Mahua...
  Fetching Mentha Oil...
  Fetching Muesli...
  Fetching Muleti...
  Fetching Myrobolan(Harad)...
  Fetching Neem Fruits...
  Fetching Palash flowers...
  Fetching Poppy capsules...
  Fetching Pupadia...
  Fetching Swan Plant (Green Herb)...
  Fetching Tobacco...
  Fetching Vatsanabha...
  Fetching White Muesli...
  Fetching basil...
  Fetching dhawai flowers...
  Fetching karanja seeds...
  Fetching kutki...
  Fetching liquor turmeric...
  Fetching macoy...
  Fetching nigella seeds...
  Fetching pippali...
  Fetching sanay...
  Fetching stevia...
  Fetching stone pulverizer...
  Fetching vadang...
Processing Group: Dry Fruits (8 items)
  Fetching Almond(Badam)...
  Fetching Cashewnuts...
  Fetching Dates...
  Fetching Dry Grapes...
  Fetching Fig (Dry)...
  Fetching Pine Nut(Chilgoza /Niyoza)...
  Fetching Pista(Pistachio)...
  Fetching Walnut...
Processing Group: Fibre Crops (5 items)
  Fetching Ambady/Mesta...
  Fetching Cotton...
    Saved 9 records for Cotton
  Fetching Jute...
    Saved 7 records for Jute
  Fetching Lint...
    Saved 1 records for Lint
  Fetching Sunhemp...
Processing Group: Flowers (58 items)
  Fetching Anthorium...
    Saved 1 records for Anthorium
  Fetching Astera...
  Fetching BOP...
  Fetching Calendula...
  Fetching Carnation...
    Saved 1 records for Carnation
  Fetching Chrysanthemum...
    Saved 1 records for Chrysanthemum
  Fetching Chrysanthemum(Loose)...
    Saved 1 records for Chrysanthemum(Loose)
  Fetching Clarkia...
  Fetching Cossandra...
  Fetching Daila(Chandni)...
  Fetching Delha...
    Saved 1 records for Delha
  Fetching Gamphrena...
  Fetching Gerbera...
  Fetching Gladiolus Bulb...
  Fetching Gladiolus Cut Flower...
  Fetching Glardia...
  Fetching Heliconia species...
  Fetching Irish...
  Fetching Jaffri...
    Saved 1 records for Jaffri
  Fetching Jarbara...
    Saved 1 records for Jarbara
  Fetching Jasmine...
    Saved 6 records for Jasmine
  Fetching Kagda...
  Fetching Kakada...
    Saved 3 records for Kakada
  Fetching Kankambra...
  Fetching Kevda...
  Fetching Lilly...
    Saved 1 records for Lilly
  Fetching Limonia(status)...
  Fetching Lotus...
  Fetching Lupine...
  Fetching Marget...
    Saved 1 records for Marget
  Fetching Marigold(Calcutta)...
    Saved 27 records for Marigold(Calcutta)
  Fetching Marigold(loose)...
    Saved 1 records for Marigold(loose)
  Fetching Marikozhunthu...
  Fetching Nerium...
  Fetching Orchid...
    Saved 1 records for Orchid
  Fetching Patti Calcutta...
    Saved 1 records for Patti Calcutta
  Fetching Pincushion Flower...
  Fetching Raibel...
  Fetching Rose(Local)...
    Saved 24 records for Rose(Local)
  Fetching Rose(Loose))...
    Saved 1 records for Rose(Loose))
  Fetching Rose(Tata)...
  Fetching Swanflower...
  Fetching Sweet Sultan...
  Fetching Tube Flower...
    Saved 4 records for Tube Flower
  Fetching Tube Rose(Double)...
    Saved 1 records for Tube Rose(Double)
  Fetching Tube Rose(Loose)...
    Saved 8 records for Tube Rose(Loose)
  Fetching Tube Rose(Single)...
  Fetching balsam...
  Fetching cineraria...
  Fetching dianthus...
  Fetching golden rod...
  Fetching gypsophila...
  Fetching hydrangea...
  Fetching kakatan...
  Fetching salvia...
  Fetching sevanti...
  Fetching sweet william...
  Fetching tulip...
Processing Group: Forest Products (39 items)
  Fetching Absinthe...
  Fetching Ambada Seed...
  Fetching Antawala...
  Fetching Bamboo...
  Fetching Bay leaf(Tejpatta)...
  Fetching Behada...
  Fetching Bhui Amlaya...
  Fetching Brahmi...
  Fetching Broomstick(Flower Broom)...
  Fetching Cane...
  Fetching Chironji...
  Fetching Firewood...
  Fetching Flower Broom...
  Fetching Giloy...
  Fetching Gond...
  Fetching Gudmar...
  Fetching Guggal...
  Fetching Harrah...
    Saved 1 records for Harrah
  Fetching Hippe Seed...
  Fetching Jute Seed...
  Fetching Kalihari...
  Fetching Kalmegh...
  Fetching Kooth...
  Fetching Mahua Seed(Hippe seed)...
  Fetching Neem Seed...
  Fetching Pundi Seed...
  Fetching Ratanjot...
  Fetching Resinwood...
  Fetching Salix-Pursi(Willow)...
  Fetching Sandalwood...
  Fetching Soapnut(Antawala/Retha)...
  Fetching Tamarind Fruit...
    Saved 21 records for Tamarind Fruit
  Fetching Tamarind Seed...
    Saved 1 records for Tamarind Seed
  Fetching Torchwood...
  Fetching Wax...
  Fetching Wood...
    Saved 3 records for Wood
  Fetching gulli...
  Fetching kokum...
  Fetching spikenard...
Processing Group: Fruits (64 items)
  Fetching Amla(Nelli Kai)...
    Saved 84 records for Amla(Nelli Kai)
  Fetching Apple...
    Saved 82 records for Apple
  Fetching Apricot(Jardalu/Khumani)...
  Fetching Avocado...
  Fetching Bael...
  Fetching Banana...
    Saved 100 records for Banana
  Fetching Ber(Zizyphus/Borehannu)...
    Saved 10 records for Ber(Zizyphus/Borehannu)
  Fetching Bilimbi...
  Fetching Black Currant...
  Fetching Blueberry...
  Fetching Borehannu...
  Fetching Bread Fruit...
  Fetching Carissa(Karvand)...
  Fetching Chakotha...
  Fetching Cherry...
  Fetching Chikoos(Sapota)...
    Saved 100 records for Chikoos(Sapota)
  Fetching Custard Apple(Sharifa)...
    Saved 12 records for Custard Apple(Sharifa)
  Fetching Dragon fruit...
  Fetching Garcinia...
  Fetching Goose berry(Nellikkai)...
  Fetching Grapes...
    Saved 65 records for Grapes
  Fetching Grey Fruit...
  Fetching Guava...
    Saved 100 records for Guava
  Fetching Hog Plum...
  Fetching Indian Sherbet Berry(Phalsa)...
  Fetching Jack Fruit...
    Saved 5 records for Jack Fruit
  Fetching Jamun(Narale Hannu)...
  Fetching Karbuja(Musk Melon)...
    Saved 17 records for Karbuja(Musk Melon)
  Fetching Khirni...
  Fetching Kinnow...
    Saved 27 records for Kinnow
  Fetching Kiwi Fruit...
  Fetching Lime...
    Saved 61 records for Lime
  Fetching Litchi...
  Fetching Lukad...
  Fetching Mango...
    Saved 3 records for Mango
  Fetching Mangosteen...
  Fetching Marasebu...
  Fetching Mousambi(Sweet Lime)...
    Saved 48 records for Mousambi(Sweet Lime)
  Fetching Mulberry...
  Fetching Nearle Hannu...
  Fetching Nelli Kai...
  Fetching Orange...
    Saved 56 records for Orange
  Fetching Papaya...
    Saved 100 records for Papaya
  Fetching Passion Fruit...
  Fetching Peach...
  Fetching Pear(Marasebu)...
    Saved 2 records for Pear(Marasebu)
  Fetching Persimon(Japani Fal)...
  Fetching Pineapple...
    Saved 31 records for Pineapple
  Fetching Plum...
    Saved 1 records for Plum
  Fetching Pomegranate...
    Saved 61 records for Pomegranate
  Fetching Quince(Nakh)...
  Fetching Rambutan...
  Fetching Ramphal...
  Fetching Seetapal...
    Saved 1 records for Seetapal
  Fetching Siddota...
  Fetching Soursop...
  Fetching Star Fruit(Kamraikh)...
  Fetching Strawberry...
    Saved 1 records for Strawberry
  Fetching Tender Coconut...
    Saved 75 records for Tender Coconut
  Fetching Water Apple...
  Fetching Water Melon...
    Saved 44 records for Water Melon
  Fetching Wild Melon...
  Fetching Wild lemon...
  Fetching Wood Apple...
Processing Group: Live Stock,Poultry,Fisheries (21 items)
  Fetching Bull...
  Fetching Calf...
    Saved 1 records for Calf
  Fetching Cock...
  Fetching Cow...
    Saved 1 records for Cow
  Fetching Crab...
  Fetching Dry Fish...
  Fetching Duck...
  Fetching Egg...
  Fetching Fish...
    Saved 22 records for Fish
  Fetching Goat...
    Saved 1 records for Goat
  Fetching He Buffalo...
    Saved 1 records for He Buffalo
  Fetching Hen...
    Saved 1 records for Hen
  Fetching Ox...
  Fetching Pigs...
  Fetching Prawn...
  Fetching Ram...
  Fetching She Buffalo...
    Saved 1 records for She Buffalo
  Fetching She Goat...
  Fetching Sheep...
  Fetching Shrimp...
  Fetching Silk Cocoon...
Processing Group: Oil Seeds (24 items)
  Fetching Castor Seed...
  Fetching Coconut Seed...
    Saved 2 records for Coconut Seed
  Fetching Copra...
    Saved 1 records for Copra
  Fetching Cotton Seed...
  Fetching Ground Nut Seed...
  Fetching Groundnut...
    Saved 48 records for Groundnut
  Fetching Groundnut(Split)...
  Fetching Gurellu...
  Fetching Honge seed...
  Fetching Kuchur - Kusum Seed...
  Fetching Laha...
  Fetching Linseed...
  Fetching Mustard...
    Saved 17 records for Mustard
  Fetching Niger Seed(Ramtil)...
  Fetching Safflower...
  Fetching Sal Seeds...
  Fetching Sesamum(Sesame,Gingelly,Til)...
    Saved 3 records for Sesamum(Sesame,Gingelly,Til)
  Fetching Soha...
  Fetching Soyabean...
    Saved 23 records for Soyabean
  Fetching Sunflower...
  Fetching Sunflower Seed...
  Fetching Suva(Dill Seed)...
  Fetching Taramira...
  Fetching Toria...
Processing Group: Oils and Fats (8 items)
  Fetching Butter...
  Fetching Castor Oil...
  Fetching Coconut Oil...
    Saved 3 records for Coconut Oil
  Fetching Dalda...
  Fetching Ghee...
  Fetching Gingelly Oil...
  Fetching Ground Nut Oil...
  Fetching Mustard Oil...
    Saved 6 records for Mustard Oil
Processing Group: Pulses (38 items)
  Fetching Alasande Gram...
  Fetching Arhar Dal(Tur Dal)...
    Saved 4 records for Arhar Dal(Tur Dal)
  Fetching Arhar(Tur/Red Gram)(Whole)...
    Saved 17 records for Arhar(Tur/Red Gram)(Whole)
  Fetching Avare Dal...
  Fetching Beans...
    Saved 100 records for Beans
  Fetching Bengal Gram Dal(Chana Dal)...
    Saved 1 records for Bengal Gram Dal(Chana Dal)
  Fetching Bengal Gram(Gram)(Whole)...
    Saved 3 records for Bengal Gram(Gram)(Whole)
  Fetching Big Gram...
  Fetching Black Gram Dal(Urd Dal)...
    Saved 1 records for Black Gram Dal(Urd Dal)
  Fetching Black Gram(Urd Beans)(Whole)...
    Saved 1 records for Black Gram(Urd Beans)(Whole)
  Fetching Bullar...
  Fetching Chennangi Dal...
  Fetching Chennangi(Whole)...
  Fetching Cowpea(Lobia/Karamani)...
    Saved 1 records for Cowpea(Lobia/Karamani)
  Fetching Dal(Avare)...
  Fetching Field Gram...
  Fetching Green Gram Dal(Moong Dal)...
    Saved 2 records for Green Gram Dal(Moong Dal)
  Fetching Green Gram(Moong)(Whole)...
    Saved 2 records for Green Gram(Moong)(Whole)
  Fetching Green Peas...
    Saved 71 records for Green Peas
  Fetching Guar Seed(Cluster Beans Seed)...
    Saved 1 records for Guar Seed(Cluster Beans Seed)
  Fetching Kabuli Chana(Chickpeas-White)...
  Fetching Karamani...
  Fetching Kidney Beans(Rajma)...
  Fetching Kulthi(Horse Gram)...
  Fetching Lak(Teora)...
  Fetching Lentil(Masur)(Whole)...
    Saved 2 records for Lentil(Masur)(Whole)
  Fetching Masur Dal...
    Saved 8 records for Masur Dal
  Fetching Mataki...
  Fetching Moath Dal...
  Fetching Other Pulses...
  Fetching Peas(Dry)...
    Saved 2 records for Peas(Dry)
  Fetching Red Gram...
    Saved 1 records for Red Gram
  Fetching Rice Bean...
  Fetching Tevada...
  Fetching Thinai(Italian Millet)...
  Fetching White Peas...
    Saved 2 records for White Peas
  Fetching Wild Bean / Pod...
  Fetching buttery...
Processing Group: Spices (31 items)
  Fetching Ajwan...
  Fetching Asgand...
  Fetching Betelnuts...
  Fetching Black pepper...
    Saved 5 records for Black pepper
  Fetching Cardamoms...
  Fetching Chili Red...
    Saved 5 records for Chili Red
  Fetching Cinamon(Dalchini)...
  Fetching Cloves...
  Fetching Coca...
  Fetching Coconut...
    Saved 100 records for Coconut
  Fetching Corriander seed...
    Saved 1 records for Corriander seed
  Fetching Cummin Seed(Jeera)...
    Saved 1 records for Cummin Seed(Jeera)
  Fetching Dry Chillies...
  Fetching Ginger Seed...
  Fetching Ginger(Dry)...
    Saved 3 records for Ginger(Dry)
  Fetching Kacholam...
  Fetching Large Cardamom...
  Fetching Mace...
  Fetching Methi Seeds...
  Fetching Muskmelon Seeds...
  Fetching Nutmeg...
  Fetching Pepper garbled...
  Fetching Pepper ungarbled...
    Saved 1 records for Pepper ungarbled
  Fetching Rayee...
  Fetching Saffron...
  Fetching Soanf...
    Saved 2 records for Soanf
  Fetching Turmeric...
    Saved 1 records for Turmeric
  Fetching dried mango...
  Fetching mango powder...
  Fetching nigella...
  Fetching poppy seeds...
Processing Group: Vegetables (128 items)
  Fetching Aloe Vera...
  Fetching Alsandikai...
  Fetching Amaranthus...
    Saved 100 records for Amaranthus
  Fetching Ambat Chuka...
  Fetching Amranthas Red...
    Saved 2 records for Amranthas Red
  Fetching Arrowroot...
  Fetching Ashgourd...
    Saved 100 records for Ashgourd
  Fetching Baby Corn...
  Fetching Bajji chilli...
  Fetching Balekai...
  Fetching Bamboo Shoot...
  Fetching Banana - Green...
    Saved 100 records for Banana - Green
  Fetching Banana Leaf...
  Fetching Banana flower...
  Fetching Banana stem...
  Fetching Beetroot...
    Saved 100 records for Beetroot
  Fetching Bhindi(Ladies Finger)...
    Saved 100 records for Bhindi(Ladies Finger)
  Fetching Binoula...
  Fetching Bitter gourd...
    Saved 100 records for Bitter gourd
  Fetching Bottle gourd...
    Saved 100 records for Bottle gourd
  Fetching Brinjal...
    Saved 100 records for Brinjal
  Fetching Brocoli...
  Fetching Cabbage...
    Saved 100 records for Cabbage
  Fetching Capsicum...
    Saved 100 records for Capsicum
  Fetching Carrot...
    Saved 100 records for Carrot
  Fetching Cauliflower...
    Saved 100 records for Cauliflower
  Fetching Chapparad Avare...
    Saved 1 records for Chapparad Avare
  Fetching Chhappan Kaddu...
  Fetching Chilly Capsicum...
    Saved 15 records for Chilly Capsicum
  Fetching Chow Chow...
    Saved 100 records for Chow Chow
  Fetching Cluster beans...
    Saved 100 records for Cluster beans
  Fetching Colacasia...
    Saved 84 records for Colacasia
  Fetching Coriander(Leaves)...
    Saved 100 records for Coriander(Leaves)
  Fetching Cowpea(Veg)...
    Saved 100 records for Cowpea(Veg)
  Fetching Cucumbar(Kheera)...
    Saved 100 records for Cucumbar(Kheera)
  Fetching Curry Leaf...
  Fetching Double Beans...
  Fetching Drumstick...
    Saved 100 records for Drumstick
  Fetching Duster Beans...
    Saved 3 records for Duster Beans
  Fetching Elephant Yam(Suran)/Amorphophallus...
    Saved 100 records for Elephant Yam(Suran)/Amorphophallus
  Fetching Field Bean(Anumulu)...
  Fetching Field Pea...
    Saved 8 records for Field Pea
  Fetching French Beans(Frasbean)...
    Saved 20 records for French Beans(Frasbean)
  Fetching Galgal(Lemon)...
    Saved 1 records for Galgal(Lemon)
  Fetching Garlic...
    Saved 92 records for Garlic
  Fetching Gherkin...
  Fetching Ghost Pepper(King Chilli)...
  Fetching Ginger(Green)...
    Saved 100 records for Ginger(Green)
  Fetching Goosefoot...
  Fetching Gram Raw(Chholia)...
  Fetching Green Avare(W)...
    Saved 100 records for Green Avare(W)
  Fetching Green Chilli...
    Saved 100 records for Green Chilli
  Fetching Groundnut pods(raw)...
  Fetching Guar...
    Saved 15 records for Guar
  Fetching Indian Beans(Seam)...
    Saved 77 records for Indian Beans(Seam)
  Fetching Indian Colza(Sarson)...
  Fetching Jackfruit Seed...
  Fetching Jamamkhan...
  Fetching Kartali(Kantola)...
  Fetching Knool Khol...
    Saved 92 records for Knool Khol
  Fetching Ladies Finger...
    Saved 3 records for Ladies Finger
  Fetching Leafy Vegetable...
    Saved 2 records for Leafy Vegetable
  Fetching Leek...
  Fetching Lemon...
    Saved 100 records for Lemon
  Fetching Lesser Yam...
  Fetching Little gourd(Kundru)...
    Saved 16 records for Little gourd(Kundru)
  Fetching Long Melon(Kakri)...
    Saved 4 records for Long Melon(Kakri)
  Fetching Lotus Sticks...
  Fetching Mango(Raw-Ripe)...
    Saved 97 records for Mango(Raw-Ripe)
  Fetching Mashrooms...
    Saved 45 records for Mashrooms
  Fetching Meal Maker (Soya Chunks)...
  Fetching Methi(Leaves)...
    Saved 32 records for Methi(Leaves)
  Fetching Mint(Pudina)...
    Saved 100 records for Mint(Pudina)
  Fetching Onion...
    Saved 100 records for Onion
  Fetching Onion Green...
    Saved 100 records for Onion Green
  Fetching Other green and fresh vegetables...
    Saved 1 records for Other green and fresh vegetables
  Fetching Papaya(Raw)...
    Saved 13 records for Papaya(Raw)
  Fetching Peas Wet...
    Saved 51 records for Peas Wet
  Fetching Peas cod...
    Saved 12 records for Peas cod
  Fetching Pegeon Pea(Arhar Fali)...
    Saved 3 records for Pegeon Pea(Arhar Fali)
  Fetching Perandai...
  Fetching Phuee(Leafy Veg)...
  Fetching Pointed gourd(Parval)...
    Saved 3 records for Pointed gourd(Parval)
  Fetching Pokcha Leafy Veg...
  Fetching Potato...
    Saved 100 records for Potato
  Fetching Pumpkin...
    Saved 100 records for Pumpkin
  Fetching Purslane...
  Fetching Raddish...
    Saved 100 records for Raddish
  Fetching Rat Tail Radish(Mogari)...
    Saved 1 records for Rat Tail Radish(Mogari)
  Fetching Red Cabbage...
  Fetching Red Gourd...
  Fetching Ribbed Celery...
  Fetching Ridge Gourd(Permal/Hybrid Gourd)...
  Fetching Ridgeguard(Tori)...
    Saved 100 records for Ridgeguard(Tori)
  Fetching Round Chilli...
  Fetching Round gourd...
    Saved 1 records for Round gourd
  Fetching Season Leaves...
    Saved 1 records for Season Leaves
  Fetching Seemebadnekai...
    Saved 2 records for Seemebadnekai
  Fetching Sem...
  Fetching Siru Kizhagu...
  Fetching Snakeguard...
    Saved 100 records for Snakeguard
  Fetching Snow Mountain Garlic...
  Fetching Spinach...
    Saved 40 records for Spinach
  Fetching Sponge gourd...
    Saved 6 records for Sponge gourd
  Fetching Squash(Chappal Kadoo)...
    Saved 10 records for Squash(Chappal Kadoo)
  Fetching Sugar Snap Peas...
  Fetching Sundaikai...
  Fetching Surat Beans(Papadi)...
    Saved 2 records for Surat Beans(Papadi)
  Fetching Suvarna Gadde...
    Saved 1 records for Suvarna Gadde
  Fetching Swan Phali(Flat Bean)...
  Fetching Sweet Potato...
    Saved 100 records for Sweet Potato
  Fetching Sweet Pumpkin...
    Saved 19 records for Sweet Pumpkin
  Fetching Sweet Saag...
  Fetching Tapioca...
    Saved 100 records for Tapioca
  Fetching Taro (Arvi) Leaves...
  Fetching Taro (Arvi) Stem...
    Saved 1 records for Taro (Arvi) Stem
  Fetching Thogrikai...
  Fetching Thondekai...
    Saved 93 records for Thondekai
  Fetching Tinda...
    Saved 9 records for Tinda
  Fetching Tomato...
    Saved 100 records for Tomato
  Fetching Turmeric(raw)...
    Saved 3 records for Turmeric(raw)
  Fetching Turnip...
    Saved 23 records for Turnip
  Fetching White Pumpkin...
    Saved 1 records for White Pumpkin
  Fetching Wild Cucumber...
  Fetching Wild Garlic / Shoots...
  Fetching Wild Spinach...
  Fetching Yam Bean / Mexican Turnip(Bankla)...
  Fetching Yam(Ratalu)...
    Saved 96 records for Yam(Ratalu)
Processing Group: Others (52 items)
  Fetching Ajwain Husk...
  Fetching Bran...
  Fetching Broken Rice...
  Fetching Bunch Beans...
    Saved 1 records for Bunch Beans
  Fetching Camel Hair...
  Fetching Cashew Kernnel...
  Fetching Coconut Coir...
  Fetching Dhaincha...
  Fetching Dry Fodder...
    Saved 1 records for Dry Fodder
  Fetching Egypian Clover(Barseem)...
  Fetching Fig(Anjura/Anjeer)...
    Saved 3 records for Fig(Anjura/Anjeer)
  Fetching Flax seeds...
  Fetching Goat Hair...
  Fetching Gramflour...
  Fetching Green Fodder...
    Saved 1 records for Green Fodder
  Fetching Gur(Jaggery)...
    Saved 4 records for Gur(Jaggery)
  Fetching Haralekai...
  Fetching Hilsa...
  Fetching Honey...
  Fetching Jaggery...
    Saved 1 records for Jaggery
  Fetching Javi...
  Fetching Kharif Mash...
  Fetching Khoya...
  Fetching Kuchur...
  Fetching Ma.Inji...
  Fetching Mahedi...
  Fetching Maida Atta...
  Fetching Maragensu...
  Fetching Mash...
  Fetching Millets...
  Fetching Nargasi...
  Fetching Polherb...
  Fetching Pundi...
  Fetching Rajgir...
    Saved 2 records for Rajgir
  Fetching Raw Biomass(Agro Residue)...
  Fetching Raya...
  Fetching Riccbcan...
  Fetching Rubber...
    Saved 3 records for Rubber
  Fetching Sabu Dan...
  Fetching Sarasum...
  Fetching Seegu...
  Fetching Skin And Hide...
  Fetching Sompu...
  Fetching Sugar...
  Fetching Sugarcane...
  Fetching Suram...
  Fetching Tulasi...
  Fetching Water Plant(Kaseru)...
  Fetching Water chestnut...
  Fetching Wheat Atta...
  Fetching Wool...
  Fetching Yam...
Finished fetch for 2026-02-15
  [eNAM] Starting...
Fetching eNAM data for 2026-02-15...
Fetched 323 records from eNAM.
Saving raw eNAM data to database...
Finished saving eNAM data for 2026-02-15.
  [Normalization] Starting...
[Normalizer] Starting Incremental Processing for 2026-02-15...
[Normalizer] Processing 6673 fresh records (6350 Agmark, 323 eNAM)
[Normalizer] Completed for 2026-02-15. Processed: 6454/6673 (96.7% yield)
--- Finished Date: 2026-02-15 ---

=== Processing Date: 2026-02-16 ===
  [Agmark] Starting (Attempt 1)...
Starting fetch for 2026-02-16...
Processing Group: Beverages (4 items)
  Fetching Cocoa...
  Fetching Coffee...
    Saved 2 records for Coffee
  Fetching Green Tea...
  Fetching Tea...
Processing Group: Cereals (26 items)
  Fetching Bajra(Pearl Millet/Cumbu)...
    Saved 39 records for Bajra(Pearl Millet/Cumbu)
  Fetching Barley(Jau)...
    Saved 1 records for Barley(Jau)
  Fetching Barnyard Millet...
  Fetching Beaten Rice...
    Saved 1 records for Beaten Rice
  Fetching Browntop Millet...
  Fetching Chakhao(Black Rice)...
  Fetching Foxtail Millet(Navane)...
  Fetching Hybrid Cumbu...
  Fetching Jaee...
  Fetching Jowar(Sorghum)...
    Saved 12 records for Jowar(Sorghum)
  Fetching Kodo Millet(Varagu)...
    Saved 1 records for Kodo Millet(Varagu)
  Fetching Kutki...
  Fetching Little Millet ...
  Fetching Maize...
    Saved 86 records for Maize
  Fetching Paddy(Basmati)...
    Saved 2 records for Paddy(Basmati)
  Fetching Paddy(Common)...
    Saved 99 records for Paddy(Common)
  Fetching Proso Millet...
  Fetching Ragi(Finger Millet)...
  Fetching Rala...
  Fetching Rice...
    Saved 70 records for Rice
  Fetching Sajje...
  Fetching Same/Savi...
  Fetching Soji...
  Fetching Sweet Corn ...
    Saved 1 records for Sweet Corn 
  Fetching T.V. Cumbu...
  Fetching Wheat...
    Saved 100 records for Wheat
Processing Group: Drug and Narcotics (37 items)
  Fetching Arecanut(Betelnut/Supari)...
    Saved 4 records for Arecanut(Betelnut/Supari)
  Fetching Asalia...
  Fetching Ashoka...
  Fetching Ashwagandha...
  Fetching Asparagus...
  Fetching Atis...
  Fetching Betal Leaves...
    Saved 20 records for Betal Leaves
  Fetching Chandrashoor...
  Fetching Coleus...
  Fetching Isabgul(Psyllium)...
    Saved 1 records for Isabgul(Psyllium)
  Fetching Isbgol...
  Fetching Lemongrass...
  Fetching Mahua...
  Fetching Mentha Oil...
  Fetching Muesli...
  Fetching Muleti...
  Fetching Myrobolan(Harad)...
  Fetching Neem Fruits...
  Fetching Palash flowers...
  Fetching Poppy capsules...
  Fetching Pupadia...
  Fetching Swan Plant (Green Herb)...
  Fetching Tobacco...
  Fetching Vatsanabha...
  Fetching White Muesli...
  Fetching basil...
  Fetching dhawai flowers...
  Fetching karanja seeds...
  Fetching kutki...
  Fetching liquor turmeric...
  Fetching macoy...
  Fetching nigella seeds...
  Fetching pippali...
  Fetching sanay...
  Fetching stevia...
  Fetching stone pulverizer...
  Fetching vadang...
Processing Group: Dry Fruits (8 items)
  Fetching Almond(Badam)...
  Fetching Cashewnuts...
    Saved 1 records for Cashewnuts
  Fetching Dates...
  Fetching Dry Grapes...
    Saved 1 records for Dry Grapes
  Fetching Fig (Dry)...
  Fetching Pine Nut(Chilgoza /Niyoza)...
  Fetching Pista(Pistachio)...
  Fetching Walnut...
Processing Group: Fibre Crops (5 items)
  Fetching Ambady/Mesta...
  Fetching Cotton...
    Saved 47 records for Cotton
  Fetching Jute...
    Saved 10 records for Jute
  Fetching Lint...
  Fetching Sunhemp...
Processing Group: Flowers (58 items)
  Fetching Anthorium...
    Saved 1 records for Anthorium
  Fetching Astera...
    Saved 1 records for Astera
  Fetching BOP...
  Fetching Calendula...
  Fetching Carnation...
    Saved 1 records for Carnation
  Fetching Chrysanthemum...
    Saved 1 records for Chrysanthemum
  Fetching Chrysanthemum(Loose)...
  Fetching Clarkia...
  Fetching Cossandra...
  Fetching Daila(Chandni)...
  Fetching Delha...
    Saved 1 records for Delha
  Fetching Gamphrena...
  Fetching Gerbera...
  Fetching Gladiolus Bulb...
  Fetching Gladiolus Cut Flower...
  Fetching Glardia...
  Fetching Heliconia species...
  Fetching Irish...
  Fetching Jaffri...
    Saved 1 records for Jaffri
  Fetching Jarbara...
    Saved 1 records for Jarbara
  Fetching Jasmine...
    Saved 6 records for Jasmine
  Fetching Kagda...
  Fetching Kakada...
    Saved 4 records for Kakada
  Fetching Kankambra...
  Fetching Kevda...
  Fetching Lilly...
    Saved 1 records for Lilly
  Fetching Limonia(status)...
  Fetching Lotus...
  Fetching Lupine...
  Fetching Marget...
    Saved 1 records for Marget
  Fetching Marigold(Calcutta)...
    Saved 27 records for Marigold(Calcutta)
  Fetching Marigold(loose)...
    Saved 2 records for Marigold(loose)
  Fetching Marikozhunthu...
  Fetching Nerium...
  Fetching Orchid...
  Fetching Patti Calcutta...
    Saved 1 records for Patti Calcutta
  Fetching Pincushion Flower...
  Fetching Raibel...
    Saved 1 records for Raibel
  Fetching Rose(Local)...
    Saved 26 records for Rose(Local)
  Fetching Rose(Loose))...
    Saved 1 records for Rose(Loose))
  Fetching Rose(Tata)...
  Fetching Swanflower...
  Fetching Sweet Sultan...
  Fetching Tube Flower...
    Saved 3 records for Tube Flower
  Fetching Tube Rose(Double)...
    Saved 1 records for Tube Rose(Double)
  Fetching Tube Rose(Loose)...
    Saved 11 records for Tube Rose(Loose)
  Fetching Tube Rose(Single)...
  Fetching balsam...
  Fetching cineraria...
  Fetching dianthus...
  Fetching golden rod...
  Fetching gypsophila...
  Fetching hydrangea...
  Fetching kakatan...
  Fetching salvia...
  Fetching sevanti...
  Fetching sweet william...
  Fetching tulip...
Processing Group: Forest Products (39 items)
  Fetching Absinthe...
  Fetching Ambada Seed...
  Fetching Antawala...
  Fetching Bamboo...
  Fetching Bay leaf(Tejpatta)...
  Fetching Behada...
  Fetching Bhui Amlaya...
  Fetching Brahmi...
  Fetching Broomstick(Flower Broom)...
  Fetching Cane...
  Fetching Chironji...
  Fetching Firewood...
  Fetching Flower Broom...
  Fetching Giloy...
  Fetching Gond...
  Fetching Gudmar...
  Fetching Guggal...
  Fetching Harrah...
  Fetching Hippe Seed...
  Fetching Jute Seed...
  Fetching Kalihari...
  Fetching Kalmegh...
  Fetching Kooth...
  Fetching Mahua Seed(Hippe seed)...
  Fetching Neem Seed...
  Fetching Pundi Seed...
  Fetching Ratanjot...
  Fetching Resinwood...
  Fetching Salix-Pursi(Willow)...
  Fetching Sandalwood...
  Fetching Soapnut(Antawala/Retha)...
  Fetching Tamarind Fruit...
    Saved 21 records for Tamarind Fruit
  Fetching Tamarind Seed...
    Saved 3 records for Tamarind Seed
  Fetching Torchwood...
  Fetching Wax...
  Fetching Wood...
    Saved 4 records for Wood
  Fetching gulli...
  Fetching kokum...
  Fetching spikenard...
Processing Group: Fruits (64 items)
  Fetching Amla(Nelli Kai)...
    Saved 84 records for Amla(Nelli Kai)
  Fetching Apple...
    Saved 100 records for Apple
  Fetching Apricot(Jardalu/Khumani)...
  Fetching Avocado...
  Fetching Bael...
  Fetching Banana...
    Saved 100 records for Banana
  Fetching Ber(Zizyphus/Borehannu)...
    Saved 27 records for Ber(Zizyphus/Borehannu)
  Fetching Bilimbi...
  Fetching Black Currant...
  Fetching Blueberry...
  Fetching Borehannu...
  Fetching Bread Fruit...
  Fetching Carissa(Karvand)...
  Fetching Chakotha...
  Fetching Cherry...
  Fetching Chikoos(Sapota)...
    Saved 100 records for Chikoos(Sapota)
  Fetching Custard Apple(Sharifa)...
    Saved 12 records for Custard Apple(Sharifa)
  Fetching Dragon fruit...
  Fetching Garcinia...
  Fetching Goose berry(Nellikkai)...
  Fetching Grapes...
    Saved 91 records for Grapes
  Fetching Grey Fruit...
  Fetching Guava...
    Saved 100 records for Guava
  Fetching Hog Plum...
  Fetching Indian Sherbet Berry(Phalsa)...
  Fetching Jack Fruit...
    Saved 7 records for Jack Fruit
  Fetching Jamun(Narale Hannu)...
  Fetching Karbuja(Musk Melon)...
    Saved 16 records for Karbuja(Musk Melon)
  Fetching Khirni...
  Fetching Kinnow...
    Saved 58 records for Kinnow
  Fetching Kiwi Fruit...
  Fetching Lime...
    Saved 55 records for Lime
  Fetching Litchi...
  Fetching Lukad...
  Fetching Mango...
    Saved 2 records for Mango
  Fetching Mangosteen...
  Fetching Marasebu...
  Fetching Mousambi(Sweet Lime)...
    Saved 65 records for Mousambi(Sweet Lime)
  Fetching Mulberry...
  Fetching Nearle Hannu...
  Fetching Nelli Kai...
  Fetching Orange...
    Saved 68 records for Orange
  Fetching Papaya...
    Saved 100 records for Papaya
  Fetching Passion Fruit...
  Fetching Peach...
  Fetching Pear(Marasebu)...
    Saved 2 records for Pear(Marasebu)
  Fetching Persimon(Japani Fal)...
  Fetching Pineapple...
    Saved 50 records for Pineapple
  Fetching Plum...
  Fetching Pomegranate...
    Saved 84 records for Pomegranate
  Fetching Quince(Nakh)...
  Fetching Rambutan...
  Fetching Ramphal...
  Fetching Seetapal...
  Fetching Siddota...
  Fetching Soursop...
  Fetching Star Fruit(Kamraikh)...
  Fetching Strawberry...
    Saved 1 records for Strawberry
  Fetching Tender Coconut...
    Saved 75 records for Tender Coconut
  Fetching Water Apple...
  Fetching Water Melon...
    Saved 56 records for Water Melon
  Fetching Wild Melon...
  Fetching Wild lemon...
  Fetching Wood Apple...
Processing Group: Live Stock,Poultry,Fisheries (21 items)
  Fetching Bull...
  Fetching Calf...
  Fetching Cock...
  Fetching Cow...
  Fetching Crab...
  Fetching Dry Fish...
  Fetching Duck...
  Fetching Egg...
  Fetching Fish...
    Saved 25 records for Fish
  Fetching Goat...
  Fetching He Buffalo...
  Fetching Hen...
  Fetching Ox...
  Fetching Pigs...
    Saved 1 records for Pigs
  Fetching Prawn...
  Fetching Ram...
  Fetching She Buffalo...
  Fetching She Goat...
  Fetching Sheep...
  Fetching Shrimp...
  Fetching Silk Cocoon...
Processing Group: Oil Seeds (24 items)
  Fetching Castor Seed...
    Saved 33 records for Castor Seed
  Fetching Coconut Seed...
    Saved 4 records for Coconut Seed
  Fetching Copra...
    Saved 2 records for Copra
  Fetching Cotton Seed...
  Fetching Ground Nut Seed...
    Saved 4 records for Ground Nut Seed
  Fetching Groundnut...
    Saved 69 records for Groundnut
  Fetching Groundnut(Split)...
    Saved 2 records for Groundnut(Split)
  Fetching Gurellu...
  Fetching Honge seed...
    Saved 1 records for Honge seed
  Fetching Kuchur - Kusum Seed...
  Fetching Laha...
  Fetching Linseed...
  Fetching Mustard...
    Saved 69 records for Mustard
  Fetching Niger Seed(Ramtil)...
  Fetching Safflower...
  Fetching Sal Seeds...
  Fetching Sesamum(Sesame,Gingelly,Til)...
    Saved 17 records for Sesamum(Sesame,Gingelly,Til)
  Fetching Soha...
  Fetching Soyabean...
    Saved 56 records for Soyabean
  Fetching Sunflower...
  Fetching Sunflower Seed...
  Fetching Suva(Dill Seed)...
    Saved 1 records for Suva(Dill Seed)
  Fetching Taramira...
    Saved 2 records for Taramira
  Fetching Toria...
Processing Group: Oils and Fats (8 items)
  Fetching Butter...
  Fetching Castor Oil...
  Fetching Coconut Oil...
    Saved 3 records for Coconut Oil
  Fetching Dalda...
  Fetching Ghee...
  Fetching Gingelly Oil...
  Fetching Ground Nut Oil...
  Fetching Mustard Oil...
    Saved 8 records for Mustard Oil
Processing Group: Pulses (38 items)
  Fetching Alasande Gram...
  Fetching Arhar Dal(Tur Dal)...
    Saved 7 records for Arhar Dal(Tur Dal)
  Fetching Arhar(Tur/Red Gram)(Whole)...
    Saved 41 records for Arhar(Tur/Red Gram)(Whole)
  Fetching Avare Dal...
  Fetching Beans...
    Saved 100 records for Beans
  Fetching Bengal Gram Dal(Chana Dal)...
    Saved 1 records for Bengal Gram Dal(Chana Dal)
  Fetching Bengal Gram(Gram)(Whole)...
    Saved 31 records for Bengal Gram(Gram)(Whole)
  Fetching Big Gram...
  Fetching Black Gram Dal(Urd Dal)...
    Saved 3 records for Black Gram Dal(Urd Dal)
  Fetching Black Gram(Urd Beans)(Whole)...
    Saved 20 records for Black Gram(Urd Beans)(Whole)
  Fetching Bullar...
  Fetching Chennangi Dal...
  Fetching Chennangi(Whole)...
  Fetching Cowpea(Lobia/Karamani)...
    Saved 2 records for Cowpea(Lobia/Karamani)
  Fetching Dal(Avare)...
  Fetching Field Gram...
  Fetching Green Gram Dal(Moong Dal)...
    Saved 7 records for Green Gram Dal(Moong Dal)
  Fetching Green Gram(Moong)(Whole)...
    Saved 13 records for Green Gram(Moong)(Whole)
  Fetching Green Peas...
    Saved 73 records for Green Peas
  Fetching Guar Seed(Cluster Beans Seed)...
    Saved 14 records for Guar Seed(Cluster Beans Seed)
  Fetching Kabuli Chana(Chickpeas-White)...
    Saved 8 records for Kabuli Chana(Chickpeas-White)
  Fetching Karamani...
  Fetching Kidney Beans(Rajma)...
  Fetching Kulthi(Horse Gram)...
    Saved 4 records for Kulthi(Horse Gram)
  Fetching Lak(Teora)...
    Saved 1 records for Lak(Teora)
  Fetching Lentil(Masur)(Whole)...
    Saved 10 records for Lentil(Masur)(Whole)
  Fetching Masur Dal...
    Saved 10 records for Masur Dal
  Fetching Mataki...
  Fetching Moath Dal...
    Saved 1 records for Moath Dal
  Fetching Other Pulses...
    Saved 1 records for Other Pulses
  Fetching Peas(Dry)...
    Saved 2 records for Peas(Dry)
  Fetching Red Gram...
    Saved 4 records for Red Gram
  Fetching Rice Bean...
  Fetching Tevada...
  Fetching Thinai(Italian Millet)...
  Fetching White Peas...
  Fetching Wild Bean / Pod...
  Fetching buttery...
Processing Group: Spices (31 items)
  Fetching Ajwan...
    Saved 3 records for Ajwan
  Fetching Asgand...
  Fetching Betelnuts...
  Fetching Black pepper...
    Saved 6 records for Black pepper
  Fetching Cardamoms...
    Saved 1 records for Cardamoms
  Fetching Chili Red...
    Saved 9 records for Chili Red
  Fetching Cinamon(Dalchini)...
  Fetching Cloves...
  Fetching Coca...
  Fetching Coconut...
    Saved 100 records for Coconut
  Fetching Corriander seed...
    Saved 19 records for Corriander seed
  Fetching Cummin Seed(Jeera)...
    Saved 17 records for Cummin Seed(Jeera)
  Fetching Dry Chillies...
    Saved 9 records for Dry Chillies
  Fetching Ginger Seed...
  Fetching Ginger(Dry)...
    Saved 8 records for Ginger(Dry)
  Fetching Kacholam...
  Fetching Large Cardamom...
  Fetching Mace...
  Fetching Methi Seeds...
    Saved 4 records for Methi Seeds
  Fetching Muskmelon Seeds...
  Fetching Nutmeg...
  Fetching Pepper garbled...
    Saved 1 records for Pepper garbled
  Fetching Pepper ungarbled...
  Fetching Rayee...
    Saved 1 records for Rayee
  Fetching Saffron...
  Fetching Soanf...
    Saved 3 records for Soanf
  Fetching Turmeric...
    Saved 1 records for Turmeric
  Fetching dried mango...
  Fetching mango powder...
  Fetching nigella...
  Fetching poppy seeds...
Processing Group: Vegetables (128 items)
  Fetching Aloe Vera...
  Fetching Alsandikai...
    Saved 1 records for Alsandikai
  Fetching Amaranthus...
    Saved 100 records for Amaranthus
  Fetching Ambat Chuka...
  Fetching Amranthas Red...
    Saved 3 records for Amranthas Red
  Fetching Arrowroot...
  Fetching Ashgourd...
    Saved 100 records for Ashgourd
  Fetching Baby Corn...
  Fetching Bajji chilli...
  Fetching Balekai...
  Fetching Bamboo Shoot...
  Fetching Banana - Green...
    Saved 100 records for Banana - Green
  Fetching Banana Leaf...
  Fetching Banana flower...
  Fetching Banana stem...
  Fetching Beetroot...
    Saved 100 records for Beetroot
  Fetching Bhindi(Ladies Finger)...
    Saved 100 records for Bhindi(Ladies Finger)
  Fetching Binoula...
  Fetching Bitter gourd...
    Saved 100 records for Bitter gourd
  Fetching Bottle gourd...
    Saved 100 records for Bottle gourd
  Fetching Brinjal...
    Saved 100 records for Brinjal
  Fetching Brocoli...
  Fetching Cabbage...
    Saved 100 records for Cabbage
  Fetching Capsicum...
    Saved 100 records for Capsicum
  Fetching Carrot...
    Saved 100 records for Carrot
  Fetching Cauliflower...
    Saved 100 records for Cauliflower
  Fetching Chapparad Avare...
    Saved 1 records for Chapparad Avare
  Fetching Chhappan Kaddu...
  Fetching Chilly Capsicum...
    Saved 5 records for Chilly Capsicum
  Fetching Chow Chow...
    Saved 100 records for Chow Chow
  Fetching Cluster beans...
    Saved 100 records for Cluster beans
  Fetching Colacasia...
    Saved 100 records for Colacasia
  Fetching Coriander(Leaves)...
    Saved 100 records for Coriander(Leaves)
  Fetching Cowpea(Veg)...
    Saved 97 records for Cowpea(Veg)
  Fetching Cucumbar(Kheera)...
    Saved 100 records for Cucumbar(Kheera)
  Fetching Curry Leaf...
  Fetching Double Beans...
  Fetching Drumstick...
    Saved 100 records for Drumstick
  Fetching Duster Beans...
    Saved 1 records for Duster Beans
  Fetching Elephant Yam(Suran)/Amorphophallus...
    Saved 100 records for Elephant Yam(Suran)/Amorphophallus
  Fetching Field Bean(Anumulu)...
  Fetching Field Pea...
    Saved 14 records for Field Pea
  Fetching French Beans(Frasbean)...
    Saved 35 records for French Beans(Frasbean)
  Fetching Galgal(Lemon)...
    Saved 3 records for Galgal(Lemon)
  Fetching Garlic...
    Saved 100 records for Garlic
  Fetching Gherkin...
  Fetching Ghost Pepper(King Chilli)...
  Fetching Ginger(Green)...
    Saved 100 records for Ginger(Green)
  Fetching Goosefoot...
  Fetching Gram Raw(Chholia)...
  Fetching Green Avare(W)...
    Saved 100 records for Green Avare(W)
  Fetching Green Chilli...
    Saved 100 records for Green Chilli
  Fetching Groundnut pods(raw)...
  Fetching Guar...
    Saved 12 records for Guar
  Fetching Indian Beans(Seam)...
    Saved 79 records for Indian Beans(Seam)
  Fetching Indian Colza(Sarson)...
    Saved 3 records for Indian Colza(Sarson)
  Fetching Jackfruit Seed...
  Fetching Jamamkhan...
  Fetching Kartali(Kantola)...
  Fetching Knool Khol...
    Saved 89 records for Knool Khol
  Fetching Ladies Finger...
    Saved 2 records for Ladies Finger
  Fetching Leafy Vegetable...
    Saved 2 records for Leafy Vegetable
  Fetching Leek...
  Fetching Lemon...
    Saved 100 records for Lemon
  Fetching Lesser Yam...
  Fetching Little gourd(Kundru)...
    Saved 17 records for Little gourd(Kundru)
  Fetching Long Melon(Kakri)...
    Saved 6 records for Long Melon(Kakri)
  Fetching Lotus Sticks...
    Saved 1 records for Lotus Sticks
  Fetching Mango(Raw-Ripe)...
    Saved 95 records for Mango(Raw-Ripe)
  Fetching Mashrooms...
    Saved 48 records for Mashrooms
  Fetching Meal Maker (Soya Chunks)...
  Fetching Methi(Leaves)...
    Saved 34 records for Methi(Leaves)
  Fetching Mint(Pudina)...
    Saved 100 records for Mint(Pudina)
  Fetching Onion...
    Saved 100 records for Onion
  Fetching Onion Green...
    Saved 100 records for Onion Green
  Fetching Other green and fresh vegetables...
  Fetching Papaya(Raw)...
    Saved 11 records for Papaya(Raw)
  Fetching Peas Wet...
    Saved 62 records for Peas Wet
  Fetching Peas cod...
    Saved 25 records for Peas cod
  Fetching Pegeon Pea(Arhar Fali)...
    Saved 3 records for Pegeon Pea(Arhar Fali)
  Fetching Perandai...
  Fetching Phuee(Leafy Veg)...
  Fetching Pointed gourd(Parval)...
    Saved 2 records for Pointed gourd(Parval)
  Fetching Pokcha Leafy Veg...
  Fetching Potato...
    Saved 100 records for Potato
  Fetching Pumpkin...
    Saved 100 records for Pumpkin
  Fetching Purslane...
  Fetching Raddish...
    Saved 100 records for Raddish
  Fetching Rat Tail Radish(Mogari)...
  Fetching Red Cabbage...
  Fetching Red Gourd...
  Fetching Ribbed Celery...
  Fetching Ridge Gourd(Permal/Hybrid Gourd)...
  Fetching Ridgeguard(Tori)...
    Saved 100 records for Ridgeguard(Tori)
  Fetching Round Chilli...
  Fetching Round gourd...
    Saved 2 records for Round gourd
  Fetching Season Leaves...
    Saved 1 records for Season Leaves
  Fetching Seemebadnekai...
    Saved 2 records for Seemebadnekai
  Fetching Sem...
  Fetching Siru Kizhagu...
  Fetching Snakeguard...
    Saved 100 records for Snakeguard
  Fetching Snow Mountain Garlic...
    Saved 1 records for Snow Mountain Garlic
  Fetching Spinach...
    Saved 55 records for Spinach
  Fetching Sponge gourd...
    Saved 4 records for Sponge gourd
  Fetching Squash(Chappal Kadoo)...
    Saved 14 records for Squash(Chappal Kadoo)
  Fetching Sugar Snap Peas...
  Fetching Sundaikai...
  Fetching Surat Beans(Papadi)...
    Saved 1 records for Surat Beans(Papadi)
  Fetching Suvarna Gadde...
  Fetching Swan Phali(Flat Bean)...
  Fetching Sweet Potato...
    Saved 100 records for Sweet Potato
  Fetching Sweet Pumpkin...
    Saved 10 records for Sweet Pumpkin
  Fetching Sweet Saag...
    Saved 1 records for Sweet Saag
  Fetching Tapioca...
    Saved 100 records for Tapioca
  Fetching Taro (Arvi) Leaves...
  Fetching Taro (Arvi) Stem...
    Saved 1 records for Taro (Arvi) Stem
  Fetching Thogrikai...
  Fetching Thondekai...
    Saved 93 records for Thondekai
  Fetching Tinda...
    Saved 12 records for Tinda
  Fetching Tomato...
    Saved 100 records for Tomato
  Fetching Turmeric(raw)...
    Saved 2 records for Turmeric(raw)
  Fetching Turnip...
    Saved 30 records for Turnip
  Fetching White Pumpkin...
    Saved 1 records for White Pumpkin
  Fetching Wild Cucumber...
  Fetching Wild Garlic / Shoots...
  Fetching Wild Spinach...
  Fetching Yam Bean / Mexican Turnip(Bankla)...
  Fetching Yam(Ratalu)...
    Saved 100 records for Yam(Ratalu)
Processing Group: Others (52 items)
  Fetching Ajwain Husk...
  Fetching Bran...
  Fetching Broken Rice...
  Fetching Bunch Beans...
  Fetching Camel Hair...
  Fetching Cashew Kernnel...
  Fetching Coconut Coir...
  Fetching Dhaincha...
  Fetching Dry Fodder...
    Saved 2 records for Dry Fodder
  Fetching Egypian Clover(Barseem)...
  Fetching Fig(Anjura/Anjeer)...
    Saved 3 records for Fig(Anjura/Anjeer)
  Fetching Flax seeds...
  Fetching Goat Hair...
  Fetching Gramflour...
  Fetching Green Fodder...
    Saved 2 records for Green Fodder
  Fetching Gur(Jaggery)...
    Saved 7 records for Gur(Jaggery)
  Fetching Haralekai...
  Fetching Hilsa...
  Fetching Honey...
  Fetching Jaggery...
    Saved 1 records for Jaggery
  Fetching Javi...
  Fetching Kharif Mash...
  Fetching Khoya...
  Fetching Kuchur...
  Fetching Ma.Inji...
  Fetching Mahedi...
  Fetching Maida Atta...
    Saved 1 records for Maida Atta
  Fetching Maragensu...
  Fetching Mash...
  Fetching Millets...
    Saved 1 records for Millets
  Fetching Nargasi...
  Fetching Polherb...
  Fetching Pundi...
  Fetching Rajgir...
    Saved 4 records for Rajgir
  Fetching Raw Biomass(Agro Residue)...
  Fetching Raya...
  Fetching Riccbcan...
  Fetching Rubber...
    Saved 1 records for Rubber
  Fetching Sabu Dan...
  Fetching Sarasum...
  Fetching Seegu...
  Fetching Skin And Hide...
  Fetching Sompu...
  Fetching Sugar...
    Saved 2 records for Sugar
  Fetching Sugarcane...
  Fetching Suram...
  Fetching Tulasi...
  Fetching Water Plant(Kaseru)...
  Fetching Water chestnut...
  Fetching Wheat Atta...
    Saved 1 records for Wheat Atta
  Fetching Wool...
  Fetching Yam...
Finished fetch for 2026-02-16
  [eNAM] Starting...
Fetching eNAM data for 2026-02-16...
No data found or invalid response format.
  [Normalization] Starting...
[Normalizer] Starting Incremental Processing for 2026-02-16...
[Normalizer] Processing 7209 fresh records (7209 Agmark, 0 eNAM)
[Normalizer] Completed for 2026-02-16. Processed: 7209/7209 (100.0% yield)
--- Finished Date: 2026-02-16 ---
Global backfill completed.
